sep=,
DeviceTag:,2B_Left
FirmwareVersion:,2.2.1
AppVersion:,2023.6.0
SyncStatus:,Synced
OutputRate:,30Hz
FilterProfile:,General
Measurement Mode:,Sensor fusion Mode - Complete(Quaternion)
StartTime: ,2026-05-01_14:48:48_513 AEST
© Movella Technologies B. V. 2005-2026

PacketCounter,SampleTimeFine,Quat_W,Quat_X,Quat_Y,Quat_Z,FreeAcc_X,FreeAcc_Y,FreeAcc_Z
1,2750887852,0.717879,-0.570772,-0.338884,0.209841,-0.082065,-0.551968,2.507038
2,2750921186,0.700714,-0.576938,-0.341366,0.244170,0.345212,0.296232,2.449656
3,2750954520,0.683728,-0.574648,-0.352712,0.279100,0.732714,1.290540,1.919553
4,2750987854,0.667702,-0.565179,-0.370340,0.312412,1.141208,2.097486,1.414435
5,2751021188,0.653533,-0.551676,-0.389378,0.341964,1.266634,2.906882,0.784320
6,2751054522,0.642121,-0.538151,-0.405240,0.365871,1.327040,3.388463,0.197260
7,2751087856,0.633876,-0.527435,-0.416045,0.383311,1.248861,3.579645,-0.201168
8,2751121190,0.628438,-0.520909,-0.422024,0.394489,1.071868,3.685951,-0.453744
9,2751154524,0.625434,-0.518874,-0.424269,0.399507,0.809306,3.669948,-0.377666
10,2751187858,0.624668,-0.518991,-0.425061,0.399712,0.768273,3.181654,-0.256495
11,2751221192,0.625655,-0.517989,-0.427554,0.396797,0.678217,2.832324,-0.262475
12,2751254526,0.628294,-0.515845,-0.431748,0.390833,0.500596,2.812934,0.132794
13,2751287860,0.633122,-0.514574,-0.434884,0.381120,0.491043,2.572402,0.570393
14,2751321194,0.640606,-0.514712,-0.435812,0.367111,0.235512,1.996104,1.238495
15,2751354528,0.650212,-0.513603,-0.436512,0.350572,0.099019,0.769229,1.381502
16,2751387862,0.659524,-0.507503,-0.441659,0.335280,-0.097587,-0.699546,0.668717
17,2751421196,0.666386,-0.497030,-0.452920,0.322120,-0.251281,-0.802980,0.174887
18,2751454530,0.672870,-0.487848,-0.462929,0.308148,-0.268118,-0.341694,0.218599
19,2751487864,0.681938,-0.483996,-0.464449,0.291553,-0.066186,-0.489476,0.099052
20,2751521198,0.692984,-0.485134,-0.457938,0.273344,-0.208276,-1.247797,0.041126
21,2751554532,0.703678,-0.488839,-0.447799,0.255651,-0.413307,-1.863808,-0.121124
22,2751587866,0.712394,-0.492845,-0.437735,0.240819,-0.509313,-1.985036,-0.332011
23,2751621200,0.718950,-0.496205,-0.429199,0.229538,-0.488395,-1.877873,-0.468333
24,2751654534,0.723721,-0.499020,-0.422218,0.221235,-0.475898,-1.723837,-0.475264
25,2751687868,0.726913,-0.501976,-0.416208,0.215399,-0.563489,-1.620457,-0.386761
26,2751721202,0.728616,-0.504851,-0.411177,0.212566,-0.623607,-1.735701,-0.274132
27,2751754536,0.728648,-0.506777,-0.408196,0.213613,-0.593734,-1.727412,-0.177590
28,2751787870,0.726838,-0.507397,-0.408055,0.218524,-0.549790,-1.560742,-0.048232
29,2751821204,0.723457,-0.507067,-0.410223,0.226314,-0.363769,-1.256039,-0.101900
30,2751854538,0.719057,-0.506279,-0.413488,0.235953,-0.215490,-0.936699,-0.112527
31,2751887872,0.714026,-0.505983,-0.416387,0.246530,-0.116242,-0.597857,-0.075874
32,2751921206,0.708775,-0.507211,-0.417376,0.257254,0.001776,-0.286224,-0.013019
33,2751954540,0.703633,-0.510082,-0.415992,0.267722,0.045890,-0.079364,0.022088
34,2751987874,0.698456,-0.513918,-0.413177,0.278102,0.098944,0.108593,0.180978
35,2752021208,0.693153,-0.517951,-0.409941,0.288480,0.180977,0.381907,0.317153
36,2752054542,0.687880,-0.521554,-0.406950,0.298666,0.309415,0.650356,0.503569
37,2752087876,0.682864,-0.524227,-0.404746,0.308336,0.398510,0.967431,0.580997
38,2752121210,0.678367,-0.525626,-0.403794,0.317006,0.469952,1.233372,0.513849
39,2752154544,0.674805,-0.525659,-0.404226,0.323927,0.491558,1.500548,0.321437
40,2752187878,0.672551,-0.524486,-0.405798,0.328519,0.458220,1.516771,0.163396
41,2752221212,0.670943,-0.521911,-0.409033,0.331880,0.335878,1.397887,-0.198513
42,2752254546,0.667588,-0.518126,-0.416504,0.335265,-0.079186,1.918956,-0.102380
43,2752287880,0.663090,-0.512703,-0.427840,0.338240,0.060296,2.104948,0.280696
44,2752321214,0.660059,-0.505427,-0.440423,0.338969,0.196646,2.567632,0.554661
45,2752354548,0.661557,-0.498995,-0.449439,0.333702,0.017518,2.728045,0.997941
46,2752387882,0.667835,-0.493322,-0.454785,0.322192,-0.037176,1.562170,1.083608
47,2752421216,0.676527,-0.486745,-0.460211,0.305946,-0.316162,0.638613,1.334692
48,2752454550,0.686643,-0.479779,-0.465560,0.285647,-0.555334,-0.044604,1.053214
49,2752487884,0.697990,-0.473442,-0.469068,0.262001,-0.772290,-0.749625,0.553835
50,2752521218,0.710032,-0.468577,-0.469407,0.236546,-0.951934,-1.368259,0.034607
51,2752554552,0.721938,-0.466180,-0.465755,0.211096,-0.999827,-1.898768,-0.324140
52,2752587886,0.733125,-0.467325,-0.457370,0.186962,-1.039839,-2.403223,-0.366446
53,2752621220,0.743580,-0.472220,-0.443650,0.165164,-1.058131,-2.691734,-0.352009
54,2752654554,0.753327,-0.479431,-0.425622,0.146618,-1.129864,-2.829800,-0.905980
55,2752687888,0.761218,-0.486006,-0.408322,0.132760,-1.364684,-2.979932,-1.617529
56,2752721222,0.765359,-0.490100,-0.397780,0.125721,-1.558158,-3.056979,-1.779000
57,2752754556,0.765440,-0.492052,-0.394984,0.126420,-1.263661,-2.969623,-1.350728
58,2752787890,0.763031,-0.493316,-0.395609,0.133882,-0.968937,-2.926888,-0.856893
59,2752821224,0.758044,-0.494890,-0.398206,0.147960,-0.822604,-2.840970,-0.626266
60,2752854558,0.749776,-0.496450,-0.403844,0.168198,-0.609759,-2.634774,-0.508058
61,2752887892,0.738155,-0.496855,-0.413030,0.194103,-0.501655,-2.642446,-0.122183
62,2752921226,0.723471,-0.495782,-0.424418,0.225092,-0.102972,-1.949065,0.241459
63,2752954560,0.706998,-0.494281,-0.434839,0.258383,0.236868,-1.182725,0.679288
64,2752987894,0.689870,-0.492985,-0.442446,0.292051,0.384101,-0.649141,1.158013
65,2753021228,0.672122,-0.491304,-0.448059,0.325765,0.359204,0.130022,1.578361
66,2753054562,0.654169,-0.488355,-0.452776,0.358572,0.528926,0.931023,1.457277
67,2753087896,0.636857,-0.483274,-0.457315,0.389525,0.875353,1.822829,1.315753
68,2753121230,0.621307,-0.477003,-0.460913,0.417148,0.951571,2.741051,1.118163
69,2753154564,0.608250,-0.471064,-0.462844,0.440356,0.962068,3.485337,0.684077
70,2753187898,0.598107,-0.465705,-0.463417,0.458954,1.194366,3.810768,0.199653
71,2753221232,0.590630,-0.459979,-0.464194,0.473399,1.335944,4.032624,-0.204021
72,2753254566,0.585093,-0.453875,-0.466363,0.483918,1.372401,4.251984,-0.509232
73,2753287900,0.581231,-0.448430,-0.469953,0.490135,1.455711,4.454247,-0.762681
74,2753321234,0.579705,-0.445670,-0.473502,0.491043,1.405746,4.676821,-0.815745
75,2753354568,0.581272,-0.447609,-0.475250,0.485709,1.280661,4.688351,-0.652171
76,2753387902,0.586132,-0.454147,-0.474609,0.474292,1.202197,4.288172,-0.290417
77,2753421236,0.594044,-0.463244,-0.472493,0.457464,1.151402,3.850080,0.162234
78,2753454570,0.604962,-0.473157,-0.469241,0.435848,1.008378,3.357689,0.782490
79,2753487904,0.618592,-0.482652,-0.464974,0.410118,0.926516,2.561314,1.232984
80,2753521238,0.634048,-0.490158,-0.460787,0.381327,0.797231,1.650630,1.576335
81,2753554572,0.650389,-0.494803,-0.457625,0.350357,0.574339,0.813767,1.745808
82,2753587906,0.667174,-0.496850,-0.455367,0.317280,0.407892,0.079638,1.805776
83,2753621240,0.684791,-0.497436,-0.452427,0.280954,0.319041,-0.530413,1.938796
84,2753654574,0.704418,-0.498141,-0.445255,0.239594,0.071184,-1.410031,2.076880
85,2753687908,0.725918,-0.498714,-0.431926,0.194354,-0.427380,-2.704495,1.494622
86,2753721242,0.746392,-0.497631,-0.415527,0.150358,-1.173690,-3.686831,0.212892
87,2753754576,0.762400,-0.494417,-0.401759,0.113555,-1.868644,-4.036671,-1.106712
88,2753787910,0.772317,-0.490022,-0.394615,0.087702,-2.212028,-3.908388,-2.067947
89,2753821244,0.777004,-0.485823,-0.393614,0.072906,-2.083764,-3.568979,-2.539102
90,2753854578,0.778337,-0.482918,-0.395481,0.067705,-1.816144,-3.353704,-2.650050
91,2753887912,0.777399,-0.482632,-0.397204,0.070384,-1.534877,-3.184709,-2.350245
92,2753921246,0.774682,-0.485863,-0.396974,0.078887,-1.285298,-3.064857,-1.961946
93,2753954580,0.769953,-0.492632,-0.395043,0.091842,-1.097914,-2.907423,-1.541990
94,2753987914,0.763119,-0.502499,-0.391658,0.108419,-0.948367,-2.628240,-0.899981
95,2754021248,0.754699,-0.514792,-0.386120,0.127815,-0.758345,-2.202112,-0.121839
96,2754054582,0.745317,-0.528543,-0.377985,0.149264,-0.622440,-1.738554,0.538170
97,2754087916,0.734834,-0.542095,-0.369297,0.172565,-0.468210,-1.309725,1.080273
98,2754121250,0.723045,-0.553251,-0.363209,0.198003,-0.307639,-0.792636,1.458390
99,2754154584,0.710113,-0.560122,-0.362108,0.225583,0.014952,-0.140668,1.654486
100,2754187918,0.696722,-0.561772,-0.366464,0.254366,0.325263,0.588964,1.581182
101,2754221252,0.683432,-0.558253,-0.375635,0.283161,0.591113,1.302086,1.293900
102,2754254586,0.670777,-0.550646,-0.387880,0.310489,0.834144,1.926100,0.879785
103,2754287920,0.659443,-0.540797,-0.400733,0.334804,1.004645,2.446183,0.498287
104,2754321254,0.650027,-0.530857,-0.411950,0.354908,1.027872,2.818330,0.179665
105,2754354588,0.642779,-0.522583,-0.420257,0.370315,1.024437,3.053634,-0.040195
106,2754387922,0.637744,-0.516734,-0.425613,0.380958,0.966954,3.143189,-0.207176
107,2754421256,0.634840,-0.513218,-0.428797,0.386944,0.888054,3.154281,-0.246172
108,2754454590,0.634011,-0.511470,-0.430748,0.388447,0.771528,3.114435,-0.147601
109,2754487924,0.635343,-0.510844,-0.432069,0.385618,0.585639,2.885402,0.095558
110,2754521258,0.638811,-0.510373,-0.433215,0.379172,0.464859,2.485891,0.307027
111,2754554592,0.644172,-0.509226,-0.434605,0.369942,0.326023,2.073229,0.500782
112,2754587926,0.651105,-0.507305,-0.436215,0.358368,0.244923,1.648129,0.627800
113,2754621260,0.659437,-0.504832,-0.437711,0.344534,0.140684,1.171384,0.739710
114,2754654594,0.668976,-0.501589,-0.438944,0.328960,0.070192,0.545221,0.789207
115,2754687928,0.679118,-0.497393,-0.440301,0.312317,0.034139,-0.011985,0.742791
116,2754721262,0.689521,-0.492883,-0.441353,0.294688,0.002944,-0.453081,0.648197
117,2754754596,0.700182,-0.489052,-0.440896,0.276027,-0.066594,-0.848730,0.469615
118,2754787930,0.711066,-0.486699,-0.437915,0.256412,-0.438870,-1.275448,0.308619
119,2754821264,0.721789,-0.485150,-0.432551,0.237816,-0.880356,-1.953174,-0.062772
120,2754854598,0.730802,-0.482721,-0.427596,0.223781,-1.087255,-2.457930,-0.555937
121,2754887932,0.736630,-0.478612,-0.426037,0.216347,-1.225598,-2.676023,-0.857668
122,2754921266,0.739152,-0.473791,-0.427814,0.214844,-1.270491,-2.533794,-0.724964
123,2754954600,0.739449,-0.469081,-0.430669,0.218427,-1.074036,-2.549532,-0.580091
124,2754987934,0.738281,-0.464894,-0.433281,0.226029,-1.043724,-2.445054,-0.309591
125,2755021268,0.735951,-0.461331,-0.435246,0.236890,-0.925473,-2.475538,-0.112204
126,2755054602,0.732167,-0.457255,-0.437861,0.251266,-0.681725,-2.470375,-0.042768
127,2755087936,0.726682,-0.451696,-0.442468,0.268576,-0.261389,-2.214243,-0.083943
128,2755121270,0.719624,-0.445247,-0.448624,0.287472,0.177461,-1.881446,-0.083544
129,2755154604,0.710853,-0.439315,-0.455361,0.307155,0.436334,-1.518876,-0.137951
130,2755187938,0.700195,-0.434878,-0.461989,0.327386,0.596022,-1.134681,-0.271183
131,2755221272,0.687809,-0.432167,-0.468166,0.347818,0.713712,-0.596038,-0.433311
132,2755254606,0.674358,-0.431536,-0.473169,0.367608,0.791466,-0.004827,-0.470676
133,2755287940,0.660645,-0.433927,-0.475970,0.385636,0.715997,0.600379,-0.328251
134,2755321274,0.647464,-0.440267,-0.475776,0.400749,0.489192,1.101633,-0.001478
135,2755354608,0.635133,-0.449287,-0.473505,0.412974,0.257982,1.226698,0.095351
136,2755387942,0.622906,-0.457678,-0.472697,0.423182,-0.005729,1.290069,0.084145
137,2755421276,0.610677,-0.463349,-0.475371,0.431752,-0.319647,1.744208,0.078328
138,2755454610,0.599767,-0.467849,-0.479539,0.437546,-0.732820,2.357361,0.134620
139,2755487944,0.591684,-0.473776,-0.482043,0.439418,-1.090855,2.630655,0.226576
140,2755521278,0.586709,-0.481665,-0.481986,0.437570,-1.275766,2.583067,0.329882
141,2755554612,0.584119,-0.490058,-0.480693,0.433115,-1.589953,2.448380,0.704118
142,2755587946,0.583337,-0.496785,-0.479745,0.427521,-1.958966,2.074979,0.805579
143,2755621280,0.584669,-0.499573,-0.480010,0.422121,-1.781752,2.152957,0.841699
144,2755654614,0.590029,-0.499415,-0.479183,0.415742,-2.048262,1.374630,0.959504
145,2755687948,0.598637,-0.498057,-0.477138,0.407331,-1.418350,1.334958,0.800565
146,2755721282,0.608515,-0.494945,-0.476809,0.396734,-1.201127,0.786324,1.115865
147,2755754616,0.618789,-0.488069,-0.479839,0.385551,-0.732646,1.265381,1.342659
148,2755787950,0.632082,-0.481390,-0.480130,0.371778,-0.414249,0.874219,1.059192
149,2755821284,0.647474,-0.475565,-0.477211,0.356219,-0.237504,-0.071669,0.474421
150,2755854618,0.661951,-0.469167,-0.474718,0.341105,-0.076295,-0.636599,0.149234
151,2755887952,0.674341,-0.462407,-0.473465,0.327540,0.108423,-1.064060,0.191403
152,2755921286,0.684708,-0.455500,-0.472978,0.316217,0.238736,-1.436166,-0.169996
153,2755954620,0.692830,-0.448397,-0.473674,0.307517,0.291150,-1.685497,-0.612822
154,2755987954,0.698594,-0.441024,-0.475808,0.301791,0.556764,-1.782494,-0.920534
155,2756021288,0.702619,-0.434166,-0.478493,0.298124,0.854118,-1.525381,-1.160816
156,2756054622,0.705445,-0.429229,-0.480676,0.295073,1.096853,-1.475907,-1.338016
157,2756087956,0.707006,-0.427420,-0.481505,0.292600,1.164360,-1.510866,-1.178650
158,2756121290,0.707119,-0.430188,-0.479692,0.291244,1.196598,-1.479941,-0.729103
159,2756154624,0.706000,-0.437368,-0.474648,0.291530,1.139890,-1.424420,-0.539948
160,2756187958,0.703200,-0.446869,-0.468422,0.293948,0.945536,-1.316178,-0.407997
161,2756221292,0.698453,-0.456391,-0.463379,0.298595,0.813582,-1.028845,-0.122418
162,2756254626,0.692131,-0.464474,-0.460623,0.305046,0.772165,-0.681797,0.135928
163,2756287960,0.684954,-0.470501,-0.460294,0.312415,0.774846,-0.323558,0.434233
164,2756321294,0.677603,-0.474490,-0.461864,0.320002,0.770928,-0.068340,0.715657
165,2756354628,0.670185,-0.476680,-0.465123,0.327559,0.721190,0.152086,0.830628
166,2756387962,0.662733,-0.477703,-0.469664,0.334673,0.559042,0.551783,0.666605
167,2756421296,0.655792,-0.477996,-0.474714,0.340750,0.572920,0.724231,0.429508
168,2756454630,0.649386,-0.477685,-0.480299,0.345593,0.471708,0.764935,0.431067
169,2756487964,0.643412,-0.478174,-0.485389,0.348963,0.331739,0.969168,0.559305
170,2756521298,0.638654,-0.481035,-0.487816,0.350383,0.124831,1.096016,0.679235
171,2756554632,0.635305,-0.485798,-0.487487,0.350360,-0.128511,1.017452,0.589257
172,2756587966,0.632694,-0.490775,-0.486473,0.349555,-0.355304,1.085323,0.402769
173,2756621300,0.630785,-0.495082,-0.485729,0.347963,-0.521875,1.200563,0.295466
174,2756654634,0.629960,-0.498728,-0.484731,0.345636,-0.665168,1.246444,0.324815
175,2756687968,0.630374,-0.502113,-0.482823,0.342637,-0.775138,1.214222,0.357431
176,2756721302,0.631820,-0.504934,-0.480237,0.339447,-0.787061,1.037434,0.460549
177,2756754636,0.633932,-0.506344,-0.477880,0.336726,-0.749990,0.935612,0.611974
178,2756787970,0.636718,-0.506261,-0.475857,0.334451,-0.650290,0.871358,0.803618
179,2756821304,0.640081,-0.504688,-0.474389,0.332487,-0.493942,0.726430,0.646005
180,2756854638,0.643478,-0.501429,-0.474645,0.330490,-0.184383,0.633280,0.348884
181,2756887972,0.647082,-0.497538,-0.475975,0.327407,-0.006622,0.717947,0.227297
182,2756921306,0.651621,-0.494695,-0.476292,0.322211,0.201380,0.631205,-0.029267
183,2756954640,0.657619,-0.493216,-0.474511,0.314838,0.578523,0.296618,-0.363407
184,2756987974,0.665453,-0.492576,-0.469593,0.306643,0.334606,0.228765,-0.301704
185,2757021308,0.674149,-0.493506,-0.461522,0.298294,0.413080,-0.271958,-0.197492
186,2757054642,0.681502,-0.496305,-0.452753,0.290272,0.480651,0.087282,-0.176534
187,2757087976,0.687965,-0.500425,-0.443031,0.282862,0.003104,-0.438608,-0.088613
188,2757121310,0.691653,-0.502380,-0.437765,0.278565,0.412266,-0.676867,0.062087
189,2757154644,0.694774,-0.502893,-0.434192,0.275449,1.036335,0.682387,0.752499
190,2757187978,0.705380,-0.507410,-0.417316,0.266137,1.399902,0.927163,0.505261
191,2757221312,0.719905,-0.514184,-0.391975,0.252418,-0.270745,-0.395770,0.123706
192,2757254646,0.730161,-0.519276,-0.373673,0.239985,-0.399386,-0.828864,-0.001719
193,2757287980,0.735803,-0.522886,-0.363823,0.229833,0.686455,0.140630,0.129934
194,2757321314,0.745181,-0.530535,-0.343131,0.213322,0.740635,0.766218,0.183992
195,2757354648,0.757291,-0.539802,-0.313357,0.192197,-0.188716,-1.334660,-0.950157
196,2757387982,0.764356,-0.547878,-0.292218,0.173797,-0.653551,-1.063826,-0.443263
197,2757421316,0.766341,-0.555776,-0.279511,0.160360,-0.561285,-0.799001,-0.229532
198,2757454650,0.765017,-0.562524,-0.273927,0.152598,-0.918469,-1.493316,-0.306919
199,2757487984,0.761508,-0.565981,-0.277255,0.151351,-0.968889,-1.116055,-0.029346
200,2757521318,0.755596,-0.569420,-0.285293,0.153134,-0.638562,-0.648015,0.215485
201,2757554652,0.750334,-0.573656,-0.290156,0.154057,1.435006,0.212694,0.645513
202,2757587986,0.751471,-0.577980,-0.280974,0.149301,-0.088556,-0.195602,0.819077
203,2757621320,0.754819,-0.579297,-0.271224,0.145283,-0.906136,-0.881917,0.388127
204,2757654654,0.756869,-0.577127,-0.269873,0.145771,-1.096182,-0.658258,0.364568
205,2757687988,0.756568,-0.573322,-0.276686,0.149526,-1.007683,-0.594099,0.181958
206,2757721322,0.753076,-0.569650,-0.289644,0.156486,-1.208536,-0.704502,-0.108167
207,2757754656,0.745256,-0.567406,-0.308092,0.166524,-0.647918,-1.232942,-0.657499
208,2757787990,0.733470,-0.566296,-0.331123,0.178028,0.280980,-1.138880,-0.469575
209,2757821324,0.722552,-0.564829,-0.351824,0.187386,0.604620,-0.307126,0.059004
210,2757854658,0.716855,-0.562436,-0.363931,0.193251,0.328754,0.069137,0.359747
211,2757887992,0.715385,-0.558660,-0.369772,0.198490,-0.078422,0.075788,0.209517
212,2757921326,0.714620,-0.554301,-0.374555,0.204412,-0.373720,0.208672,-0.040658
213,2757954660,0.712555,-0.550552,-0.380722,0.210275,-0.391232,0.374601,-0.052560
214,2757987994,0.710039,-0.547766,-0.386841,0.214844,-0.198878,0.441097,-0.017072
215,2758021328,0.708376,-0.545458,-0.391504,0.217739,-0.099193,0.292524,0.007133
216,2758054662,0.707688,-0.542823,-0.395290,0.219712,-0.132349,-0.021255,-0.093970
217,2758087996,0.706983,-0.539558,-0.399879,0.221711,-0.159729,-0.229979,-0.309185
218,2758121330,0.705369,-0.535932,-0.406054,0.224406,-0.109890,-0.343930,-0.415376
219,2758154664,0.702609,-0.533022,-0.412703,0.227839,-0.043536,-0.128724,-0.272246
220,2758187998,0.699723,-0.532768,-0.416156,0.231011,-0.004557,0.353959,0.044311
221,2758221332,0.697662,-0.535610,-0.414596,0.233466,0.071264,0.323755,0.077771
222,2758254666,0.695877,-0.539895,-0.410885,0.235478,-0.035716,0.245002,0.058552
223,2758288000,0.693775,-0.544059,-0.407776,0.237489,-0.078645,0.373395,0.328300
224,2758321334,0.691688,-0.547421,-0.405613,0.239548,-0.006505,0.565568,0.584128
225,2758354668,0.690303,-0.549933,-0.403559,0.241253,0.030759,0.702511,0.786698
226,2758388002,0.689630,-0.551094,-0.402234,0.242736,0.048409,0.635729,0.657906
227,2758421336,0.689014,-0.550220,-0.403502,0.244356,0.156429,0.698289,0.351908
228,2758454670,0.688333,-0.547764,-0.407125,0.245781,0.153338,0.811067,0.314818
229,2758488004,0.687607,-0.544730,-0.411845,0.246691,0.350621,0.678494,0.189359
230,2758521338,0.686877,-0.542178,-0.416510,0.246516,0.517439,0.730894,0.221330
231,2758554672,0.687000,-0.540732,-0.419254,0.244691,0.378242,0.691923,0.342848
232,2758588006,0.688219,-0.540222,-0.419744,0.241530,0.203578,0.422977,0.329971
233,2758621340,0.689858,-0.539735,-0.419647,0.238087,0.070551,0.216732,0.376965
234,2758654674,0.691786,-0.538820,-0.419453,0.234884,-0.027607,0.084105,0.475550
235,2758688008,0.693965,-0.537271,-0.419158,0.232522,-0.036652,-0.177122,0.603183
236,2758721342,0.695992,-0.535172,-0.419049,0.231499,-0.073652,-0.181308,0.679471
237,2758754676,0.697803,-0.532629,-0.419130,0.231763,-0.004635,-0.261974,0.622542
238,2758788010,0.699309,-0.529122,-0.420219,0.233280,0.068238,-0.225415,0.491574
239,2758821344,0.700724,-0.525042,-0.421820,0.235354,0.016610,-0.076066,0.282040
240,2758854678,0.702143,-0.520912,-0.423363,0.237520,0.137154,-0.143760,0.008431
241,2758888012,0.703511,-0.517092,-0.424510,0.239763,0.201966,-0.172371,-0.074009
242,2758921346,0.704721,-0.514082,-0.424584,0.242535,0.139245,-0.059434,-0.098089
243,2758954680,0.705814,-0.511571,-0.423623,0.246318,0.247986,-0.389884,-0.056301
244,2758988014,0.705792,-0.508499,-0.423965,0.252088,0.458086,-0.501508,0.198619
245,2759021348,0.704396,-0.505274,-0.425902,0.259111,0.693366,-0.136176,0.054464
246,2759054682,0.702360,-0.503033,-0.428283,0.265006,0.633330,0.226207,-0.054993
247,2759088016,0.700589,-0.501602,-0.430428,0.268904,0.258761,0.046064,-0.040682
248,2759121350,0.699168,-0.499461,-0.432869,0.272644,0.143017,-0.095038,-0.049178
249,2759154684,0.697980,-0.497236,-0.434806,0.276643,0.007712,0.034752,0.087171
250,2759188018,0.696950,-0.495587,-0.435737,0.280704,-0.187140,-0.155887,0.138818
251,2759221352,0.695445,-0.492859,-0.437786,0.286001,-0.380656,-0.548034,0.203082
252,2759254686,0.692478,-0.486612,-0.444020,0.294170,-0.263656,-0.732859,0.051888
253,2759288020,0.688059,-0.477430,-0.454297,0.303739,-0.423835,-0.446219,0.351091
254,2759321354,0.683567,-0.467128,-0.465232,0.313198,-0.280661,-0.654374,0.406198
255,2759354688,0.679534,-0.456894,-0.475167,0.322032,-0.512479,-0.742918,0.515310
256,2759388022,0.676073,-0.447494,-0.483139,0.330542,-0.710913,-0.981225,0.337884
257,2759421356,0.672451,-0.438246,-0.489908,0.340217,-0.606297,-1.287052,-0.045820
258,2759454690,0.667861,-0.428719,-0.496434,0.351741,-0.504692,-1.179958,-0.234753
259,2759488024,0.662625,-0.420453,-0.501380,0.364379,-0.272646,-0.869242,-0.247754
260,2759521358,0.656883,-0.414890,-0.503831,0.377534,0.042182,-0.576318,-0.396070
261,2759554692,0.650514,-0.412895,-0.503963,0.390354,0.200699,-0.148757,-0.426137
262,2759588026,0.643792,-0.414973,-0.501906,0.401779,0.220542,0.302114,-0.346302
263,2759621360,0.637264,-0.420841,-0.497818,0.411062,0.072094,0.675881,-0.232252
264,2759654694,0.631288,-0.428896,-0.492694,0.418070,-0.255662,0.840943,-0.215955
265,2759688028,0.625619,-0.436042,-0.488717,0.423829,-0.245639,0.864485,-0.293266
266,2759721362,0.620121,-0.440302,-0.487560,0.428808,-0.296534,1.183013,-0.060970
267,2759754696,0.615147,-0.442934,-0.488342,0.432357,-0.460991,1.572425,0.138453
268,2759788030,0.611207,-0.445529,-0.489863,0.433556,-0.412593,1.732541,0.148561
269,2759821364,0.608783,-0.448533,-0.491533,0.431976,-0.478257,1.776209,0.279494
270,2759854698,0.608274,-0.452809,-0.492291,0.427344,-0.639692,1.829494,0.421497
271,2759888032,0.610109,-0.458740,-0.490978,0.419848,-0.756502,1.683457,0.563931
272,2759921366,0.614197,-0.465256,-0.487949,0.410135,-0.869352,1.479623,0.733380
273,2759954700,0.620645,-0.470936,-0.483768,0.398741,-0.845888,1.221647,0.846040
274,2759988034,0.629346,-0.474467,-0.479186,0.386253,-0.755955,0.817297,0.775682
275,2760021368,0.639575,-0.475168,-0.475218,0.373274,-0.566260,0.468556,0.781314
276,2760054702,0.650827,-0.473592,-0.471721,0.360029,-0.343811,0.057904,0.813348
277,2760088036,0.662286,-0.470083,-0.468843,0.347264,-0.114488,-0.513292,0.714096
278,2760121370,0.672765,-0.464548,-0.467530,0.336162,0.017577,-0.991515,0.458073
279,2760154704,0.681465,-0.457323,-0.468239,0.327446,0.121781,-1.223844,0.006278
280,2760188038,0.688247,-0.449381,-0.470443,0.321034,0.275346,-1.258976,-0.383543
281,2760221372,0.693847,-0.442308,-0.472193,0.316196,0.817170,-1.267266,-0.497370
282,2760254706,0.700641,-0.436442,-0.470200,0.312314,1.897321,-1.309649,-0.876597
283,2760288040,0.710579,-0.430772,-0.462626,0.309025,0.719595,-1.160563,-0.347593
284,2760321374,0.723053,-0.424648,-0.449945,0.307286,-0.150641,-2.507623,-0.938394
285,2760354708,0.728463,-0.413106,-0.447952,0.313101,-1.192002,-1.170536,0.527904
286,2760388042,0.726542,-0.404925,-0.452669,0.321356,-0.409708,-1.276813,-0.567467
287,2760421376,0.715834,-0.400669,-0.465929,0.331608,0.313091,-1.060449,-0.724195
288,2760454710,0.700977,-0.400497,-0.480993,0.341886,0.135901,-0.669866,-0.570321
289,2760488044,0.686671,-0.409137,-0.489691,0.348281,2.039834,0.220108,-0.971294
290,2760521378,0.681219,-0.424728,-0.483439,0.349056,2.661365,1.542498,-0.395157
291,2760554712,0.688504,-0.441728,-0.457378,0.348785,-1.481445,-0.459843,0.993280
292,2760588046,0.690178,-0.456563,-0.438296,0.350867,-1.857633,-1.152363,-0.108230
293,2760621380,0.678485,-0.465598,-0.441966,0.357141,-0.879342,0.393706,0.386696
294,2760654714,0.660131,-0.472609,-0.455187,0.365622,-0.347106,1.047970,0.357671
295,2760688048,0.641694,-0.482457,-0.467023,0.370623,0.857257,1.987196,0.701665
296,2760721382,0.632678,-0.494696,-0.467748,0.369071,1.428289,2.305672,0.941715
297,2760754716,0.633925,-0.504010,-0.459624,0.364508,0.520934,1.729370,0.786771
298,2760788050,0.639281,-0.508002,-0.450805,0.360604,-0.414511,0.852564,0.572503
299,2760821384,0.643291,-0.505653,-0.448891,0.359159,-0.763492,0.618541,0.221148
300,2760854718,0.644100,-0.499775,-0.454415,0.358990,-0.566441,1.097610,0.271953
301,2760888052,0.644070,-0.493750,-0.461659,0.358137,-0.139780,1.388531,0.443023
302,2760921386,0.646522,-0.489229,-0.465509,0.354925,-0.018417,1.104700,0.434779
303,2760954720,0.651040,-0.485314,-0.467070,0.349957,-0.088135,0.527150,0.243177
304,2760988054,0.655852,-0.481364,-0.468754,0.344127,-0.128023,0.267831,0.237528
305,2761021388,0.660673,-0.477870,-0.470262,0.337658,-0.100065,0.063837,0.292963
306,2761054722,0.665625,-0.474955,-0.470978,0.330981,-0.053246,-0.245204,0.275467
307,2761088056,0.670443,-0.472231,-0.471302,0.324632,-0.058862,-0.503429,0.200141
308,2761121390,0.674729,-0.469543,-0.471739,0.318964,-0.043075,-0.713820,0.081520
309,2761154724,0.678256,-0.467043,-0.472454,0.314061,-0.040202,-0.781840,-0.127545
310,2761188058,0.681157,-0.465157,-0.472982,0.309756,-0.003875,-0.822704,-0.249835
311,2761221392,0.683447,-0.464352,-0.472821,0.306144,-0.018196,-0.884627,-0.370021
312,2761254726,0.684794,-0.464992,-0.471882,0.303602,-0.062085,-0.890143,-0.413245
313,2761288060,0.684947,-0.467087,-0.470306,0.302484,-0.070433,-0.834524,-0.348804
314,2761321394,0.684063,-0.470231,-0.468312,0.302706,-0.046154,-0.700341,-0.268971
315,2761354728,0.682459,-0.474023,-0.466124,0.303787,-0.042039,-0.500344,-0.123747
316,2761388062,0.680432,-0.478455,-0.463618,0.305219,-0.060200,-0.293430,0.042807
317,2761421396,0.678176,-0.483432,-0.460802,0.306658,-0.102876,-0.139210,0.124384
318,2761454730,0.675877,-0.488481,-0.457948,0.308004,-0.140016,0.031970,0.222312
319,2761488064,0.673803,-0.493184,-0.455202,0.309123,-0.155100,0.193118,0.270721
320,2761521398,0.672031,-0.497296,-0.452778,0.309952,-0.160173,0.307651,0.271188
321,2761554732,0.670552,-0.500760,-0.450828,0.310421,-0.149011,0.451942,0.321950
322,2761588066,0.669539,-0.503880,-0.448958,0.310269,-0.156748,0.611756,0.330819
323,2761621400,0.669109,-0.506631,-0.447045,0.309477,-0.176286,0.593974,0.342549
324,2761654734,0.669172,-0.508638,-0.445522,0.308240,-0.176169,0.610987,0.316545
325,2761688068,0.669708,-0.509995,-0.444311,0.306579,-0.179667,0.623999,0.385255
326,2761721402,0.670705,-0.510801,-0.443305,0.304508,-0.131579,0.569636,0.401558
327,2761754736,0.672159,-0.510924,-0.442655,0.302029,-0.123527,0.523352,0.317234
328,2761788070,0.674028,-0.510499,-0.442369,0.298989,-0.076141,0.418757,0.181815
329,2761821404,0.676208,-0.509680,-0.442413,0.295375,-0.032897,0.297469,0.030072
330,2761854738,0.678569,-0.508808,-0.442520,0.291276,-0.000220,0.191025,-0.031077
331,2761888072,0.680984,-0.508232,-0.442264,0.287003,0.002878,0.025129,-0.039685
332,2761921406,0.683115,-0.508028,-0.441796,0.282992,0.021353,-0.087303,-0.110271
333,2761954740,0.684805,-0.508185,-0.441299,0.279380,0.049022,-0.124220,-0.133301
334,2761988074,0.686191,-0.508834,-0.440485,0.276060,0.075200,-0.131345,-0.021839
335,2762021408,0.687390,-0.510042,-0.439151,0.272956,0.109758,-0.152169,0.057515
336,2762054742,0.688419,-0.511697,-0.437444,0.269992,0.110297,-0.143860,0.116115
337,2762088076,0.689295,-0.513596,-0.435581,0.267148,0.129235,-0.161278,0.189144
338,2762121410,0.690005,-0.515594,-0.433725,0.264473,0.128102,-0.146820,0.318403
339,2762154744,0.690570,-0.517869,-0.431678,0.261889,0.129649,-0.046663,0.300109
340,2762188078,0.691079,-0.520551,-0.429298,0.259128,0.065104,0.011643,0.242008
341,2762221412,0.691520,-0.523141,-0.427124,0.256312,0.049606,0.014531,0.181742
342,2762254746,0.691981,-0.525596,-0.425091,0.253409,-0.024004,0.153889,0.119636
343,2762288080,0.692556,-0.528147,-0.422809,0.250332,-0.076058,0.152034,0.024014
344,2762321414,0.693167,-0.530478,-0.420611,0.247399,-0.109828,0.154248,-0.065487
345,2762354748,0.693685,-0.532539,-0.418658,0.244817,-0.109090,0.206254,-0.086880
346,2762388082,0.694160,-0.534596,-0.416620,0.242451,-0.066755,0.233384,0.054091
347,2762421416,0.694645,-0.536825,-0.414197,0.240282,-0.010914,0.239338,0.221352
348,2762454750,0.695151,-0.538980,-0.411659,0.238346,0.035244,0.236891,0.247938
349,2762488084,0.695541,-0.540622,-0.409883,0.236546,0.081371,0.324606,0.227887
350,2762521418,0.696001,-0.541680,-0.408941,0.234392,0.152460,0.394448,0.145198
351,2762554752,0.696807,-0.542374,-0.408318,0.231459,0.121754,0.375200,0.031929
352,2762588086,0.697844,-0.543019,-0.407674,0.227930,0.072237,0.294401,-0.069650
353,2762621420,0.698937,-0.543822,-0.406714,0.224352,-0.019575,0.176401,0.136196
354,2762654754,0.700069,-0.544709,-0.405135,0.221512,-0.097334,0.043599,0.337060
355,2762688088,0.700987,-0.544923,-0.404076,0.220012,-0.085149,-0.039672,0.392656
356,2762721422,0.701481,-0.543886,-0.404746,0.219774,0.005967,-0.011597,0.445704
357,2762754756,0.701835,-0.541865,-0.406712,0.220006,0.123913,0.027921,0.431312
358,2762788090,0.702316,-0.539502,-0.409031,0.219981,0.130792,-0.013663,0.306034
359,2762821424,0.702950,-0.537254,-0.411093,0.219611,0.071437,-0.210136,0.197510
360,2762854758,0.703495,-0.535240,-0.412837,0.219511,-0.080782,-0.373289,0.187812
361,2762888092,0.703613,-0.533410,-0.414450,0.220546,-0.126460,-0.499348,0.159987
362,2762921426,0.703189,-0.531523,-0.416217,0.223110,-0.129409,-0.498134,0.082047
363,2762954760,0.702398,-0.529551,-0.418015,0.226899,-0.069045,-0.416266,0.031122
364,2762988094,0.701457,-0.527387,-0.419639,0.231800,-0.073482,-0.416640,-0.078296
365,2763021428,0.699790,-0.525532,-0.421446,0.237697,0.026663,-0.263854,-0.068501
366,2763054762,0.697564,-0.524620,-0.422491,0.244309,0.096634,-0.151579,0.122967
367,2763088096,0.695019,-0.524425,-0.422548,0.251768,0.157513,-0.087929,0.324935
368,2763121430,0.692120,-0.524320,-0.422222,0.260371,0.261225,0.102113,0.481284
369,2763154764,0.688758,-0.523978,-0.422320,0.269651,0.418163,0.389038,0.435876
370,2763188098,0.685165,-0.523062,-0.423448,0.278664,0.553519,0.643347,0.393824
371,2763221432,0.681902,-0.521812,-0.425098,0.286391,0.518328,0.912708,0.314826
372,2763254766,0.679393,-0.520529,-0.426621,0.292363,0.412031,0.996528,0.094988
373,2763288100,0.677638,-0.519065,-0.428063,0.296896,0.275037,0.922965,0.110524
374,2763321434,0.676463,-0.517244,-0.429375,0.300834,0.186199,0.763182,0.292984
375,2763354768,0.675463,-0.514642,-0.431110,0.305033,0.164487,0.665318,0.356935
376,2763388102,0.674435,-0.510769,-0.434240,0.309345,0.231556,0.660311,0.270307
377,2763421436,0.673799,-0.505725,-0.438544,0.312927,0.160758,0.730759,0.310889
378,2763454770,0.673871,-0.500112,-0.443230,0.315182,0.085364,0.512191,0.242794
379,2763488104,0.674542,-0.494182,-0.448141,0.316155,-0.011418,0.249419,0.169615
380,2763521438,0.675490,-0.488093,-0.453294,0.316244,-0.143146,-0.048034,0.085386
381,2763554772,0.676292,-0.482035,-0.458624,0.316137,-0.226713,-0.248056,-0.052943
382,2763588106,0.677047,-0.476557,-0.463326,0.315971,-0.338717,-0.301922,-0.138061
383,2763621440,0.677992,-0.472375,-0.466442,0.315638,-0.369749,-0.422659,-0.158783
384,2763654774,0.679233,-0.469608,-0.467699,0.315239,-0.468120,-0.571762,-0.132822
385,2763688108,0.680472,-0.467683,-0.467756,0.315343,-0.549670,-0.809061,-0.145705
386,2763721442,0.681064,-0.465259,-0.468123,0.317103,-0.521421,-1.077677,-0.162453
387,2763754776,0.680370,-0.461440,-0.470078,0.321253,-0.334672,-1.038697,-0.136675
388,2763788110,0.678631,-0.457243,-0.472750,0.326963,-0.166489,-0.800618,-0.006063
389,2763821444,0.676272,-0.453615,-0.475161,0.333346,0.002715,-0.741505,-0.046937
390,2763854778,0.673193,-0.450507,-0.477722,0.340063,0.007203,-0.613823,0.025949
391,2763888112,0.669692,-0.447881,-0.480259,0.346805,0.037587,-0.433866,-0.007539
392,2763921446,0.666165,-0.445894,-0.482420,0.353101,0.025331,-0.243213,-0.109987
393,2763954780,0.662712,-0.444789,-0.484302,0.358376,-0.025717,-0.139804,-0.021167
394,2763988114,0.659543,-0.444996,-0.485436,0.362409,-0.073723,-0.062676,0.239075
395,2764021448,0.657039,-0.446487,-0.485378,0.365190,-0.087869,-0.055784,0.457887
396,2764054782,0.655163,-0.448608,-0.484829,0.366689,-0.234329,-0.044713,0.407531
397,2764088116,0.653617,-0.450802,-0.484660,0.366980,-0.357800,-0.009367,0.231502
398,2764121450,0.652549,-0.452932,-0.484664,0.366252,-0.498335,0.101646,-0.048044
399,2764154784,0.652087,-0.455338,-0.484345,0.364509,-0.584823,0.192389,-0.426869
400,2764188118,0.652006,-0.458562,-0.483618,0.361566,-0.634008,0.243806,-0.474913
401,2764221452,0.652285,-0.463628,-0.481529,0.357365,-0.730777,0.343031,-0.120084
402,2764254786,0.653124,-0.470683,-0.477317,0.352224,-0.707079,0.299797,0.205440
403,2764288120,0.654542,-0.478457,-0.471635,0.346728,-0.777838,0.326578,0.483271
404,2764321454,0.656713,-0.485477,-0.465446,0.341185,-0.696879,0.372623,0.577388
405,2764354788,0.659953,-0.490231,-0.459931,0.335568,-0.681937,0.311863,0.551893
406,2764388122,0.664020,-0.491566,-0.456355,0.330435,-0.647335,0.051619,0.514624
407,2764421456,0.668268,-0.488920,-0.455710,0.326664,-0.419744,-0.304071,0.598257
408,2764454790,0.671977,-0.482938,-0.458125,0.324571,-0.177844,-0.545308,0.725094
409,2764488124,0.674874,-0.475411,-0.462314,0.323731,0.048647,-0.623788,0.590642
410,2764521458,0.677022,-0.467821,-0.467165,0.323341,0.228669,-0.582427,0.100816
411,2764554792,0.678788,-0.461202,-0.471739,0.322503,0.325080,-0.426213,-0.468336
412,2764588126,0.680708,-0.456958,-0.474471,0.320483,0.309678,-0.399019,-0.691208
413,2764621460,0.682870,-0.455961,-0.474098,0.317846,0.241529,-0.637785,-0.607733
414,2764654794,0.684379,-0.457469,-0.471437,0.316387,0.183752,-0.944384,-0.485218
415,2764688128,0.684209,-0.459573,-0.468921,0.317445,0.237567,-0.967703,-0.345083
416,2764721462,0.682215,-0.461064,-0.467889,0.321074,0.395860,-0.692286,-0.145208
417,2764754796,0.679025,-0.462143,-0.467995,0.326092,0.533703,-0.361075,0.031355
418,2764788130,0.675318,-0.463545,-0.468513,0.331020,0.652493,-0.031561,0.104421
419,2764821464,0.671698,-0.465850,-0.468764,0.334773,0.641648,0.211346,0.200211
420,2764854798,0.668518,-0.469277,-0.468381,0.336882,0.498567,0.335767,0.301434
421,2764888132,0.665763,-0.473520,-0.467536,0.337573,0.323520,0.364818,0.357884
422,2764921466,0.663281,-0.477957,-0.466722,0.337333,0.114627,0.434330,0.365337
423,2764954800,0.661033,-0.482232,-0.466083,0.336543,-0.041801,0.494159,0.281940
424,2764988134,0.659022,-0.486141,-0.465681,0.335418,-0.151191,0.516788,0.258891
425,2765021468,0.657285,-0.489937,-0.465156,0.334028,-0.279120,0.638314,0.187012
426,2765054802,0.655997,-0.493902,-0.464042,0.332266,-0.425031,0.713889,0.146316
427,2765088136,0.655339,-0.497797,-0.462278,0.330205,-0.506603,0.761096,0.165129
428,2765121470,0.655351,-0.501080,-0.460222,0.328081,-0.585678,0.760957,0.273178
429,2765154804,0.655869,-0.503420,-0.458337,0.326095,-0.608890,0.760609,0.393020
430,2765188138,0.656933,-0.504587,-0.456785,0.324323,-0.562895,0.759315,0.438400
431,2765221472,0.658675,-0.504392,-0.455636,0.322704,-0.485486,0.740662,0.432171
432,2765254806,0.661158,-0.503176,-0.454642,0.320922,-0.353030,0.672397,0.399999
433,2765288140,0.664249,-0.501236,-0.453630,0.319000,-0.263469,0.491038,0.408385
434,2765321474,0.667603,-0.498558,-0.452866,0.317277,-0.151169,0.299429,0.361852
435,2765354808,0.671010,-0.495177,-0.452443,0.315987,-0.044502,0.173836,0.336291
436,2765388142,0.674372,-0.491284,-0.452305,0.315101,0.131043,0.047782,0.273210
437,2765421476,0.677636,-0.486954,-0.452441,0.314625,0.275427,-0.061523,0.163128
438,2765454810,0.680580,-0.482546,-0.452893,0.314412,0.343419,-0.153594,-0.015295
439,2765488144,0.682820,-0.478646,-0.453796,0.314214,0.508230,-0.163519,-0.102242
440,2765521478,0.684908,-0.475619,-0.454097,0.313831,0.687020,-0.250763,-0.168271
441,2765554812,0.686950,-0.473072,-0.453802,0.313647,0.487004,-0.353274,-0.269249
442,2765588146,0.687811,-0.471546,-0.454165,0.313532,0.525569,-0.265934,-0.311029
443,2765621480,0.687547,-0.471531,-0.454679,0.313387,0.562126,-0.206178,-0.201723
444,2765654814,0.686825,-0.473001,-0.454572,0.312910,0.485761,-0.223649,-0.101880
445,2765688148,0.685612,-0.475230,-0.454404,0.312437,0.451850,-0.251484,0.002645
446,2765721482,0.683944,-0.477547,-0.454630,0.312232,0.374058,-0.184582,0.087463
447,2765754816,0.682110,-0.479911,-0.455042,0.312017,0.262009,-0.042770,0.107274
448,2765788150,0.680324,-0.482380,-0.455372,0.311626,0.125009,-0.006519,0.074368
449,2765821484,0.678586,-0.485014,-0.455503,0.311138,-0.012260,0.045120,0.129047
450,2765854818,0.676827,-0.487594,-0.455573,0.310835,-0.120790,0.014292,0.211538
451,2765888152,0.674985,-0.489640,-0.455947,0.311074,-0.188807,0.017303,0.250879
452,2765921486,0.673095,-0.491059,-0.456729,0.311786,-0.244991,0.138264,0.285980
453,2765954820,0.671351,-0.491997,-0.457731,0.312596,-0.288990,0.258531,0.215858
454,2765988154,0.670028,-0.492629,-0.458603,0.313160,-0.328115,0.310406,0.209957
455,2766021488,0.669210,-0.493168,-0.459007,0.313469,-0.382639,0.265646,0.228057
456,2766054822,0.668694,-0.493558,-0.459092,0.313831,-0.390300,0.214536,0.224548
457,2766088156,0.668346,-0.493542,-0.459150,0.314511,-0.361884,0.209150,0.265356
458,2766121490,0.668220,-0.493102,-0.459207,0.315386,-0.292275,0.271713,0.293156
459,2766154824,0.668411,-0.492286,-0.459200,0.316264,-0.232055,0.227708,0.306621
460,2766188158,0.668762,-0.490975,-0.459431,0.317224,-0.177503,0.185612,0.228311
461,2766221492,0.669227,-0.489232,-0.459923,0.318222,-0.138078,0.147289,0.130080
462,2766254826,0.669696,-0.487238,-0.460588,0.319331,-0.074894,0.089577,0.088630
463,2766288160,0.670133,-0.485078,-0.461386,0.320549,0.042209,0.060226,0.132171
464,2766321494,0.670534,-0.483015,-0.462065,0.321843,0.102790,-0.028229,0.142144
465,2766354828,0.670700,-0.480931,-0.463028,0.323233,0.201903,-0.079823,0.129395
466,2766388162,0.670852,-0.478778,-0.464105,0.324565,0.224676,-0.074687,0.140116
467,2766421496,0.671109,-0.476700,-0.465088,0.325684,0.173414,-0.083784,0.034915
468,2766454830,0.671195,-0.474799,-0.466252,0.326616,0.135780,-0.113529,0.035128
469,2766488164,0.670982,-0.473235,-0.467537,0.327486,0.155244,-0.182231,0.006089
470,2766521498,0.670527,-0.471948,-0.468747,0.328547,0.135054,-0.266489,-0.015305
471,2766554832,0.669686,-0.470759,-0.470014,0.330153,0.123709,-0.278490,0.013760
472,2766588166,0.668471,-0.469743,-0.471186,0.332383,0.120725,-0.276809,0.110471
473,2766621500,0.666794,-0.468564,-0.472643,0.335333,0.128421,-0.276500,0.138685
474,2766654834,0.664772,-0.466894,-0.474617,0.338873,0.120702,-0.177431,0.182977
475,2766688168,0.662609,-0.464864,-0.476833,0.342764,0.098360,-0.125325,0.162458
476,2766721502,0.660253,-0.462555,-0.479286,0.346988,0.091709,-0.089602,0.088990
477,2766754836,0.657690,-0.460120,-0.481876,0.351478,0.071058,0.005140,0.071355
478,2766788170,0.655040,-0.457805,-0.484287,0.356104,0.063739,0.067550,0.065891
479,2766821504,0.652328,-0.455566,-0.486528,0.360868,0.045127,0.120466,0.106328
480,2766854838,0.649597,-0.453237,-0.488736,0.365711,0.051784,0.174828,0.119086
481,2766888172,0.646826,-0.450726,-0.491147,0.370464,0.045963,0.270321,0.183331
482,2766921506,0.644142,-0.448151,-0.493656,0.374903,0.033167,0.323723,0.167927
483,2766954840,0.641671,-0.445584,-0.496181,0.378847,0.003911,0.351860,0.101929
484,2766988174,0.639438,-0.442982,-0.498793,0.382230,-0.023286,0.362220,0.081579
485,2767021508,0.637478,-0.440743,-0.501142,0.385006,-0.076072,0.359214,0.124050
486,2767054842,0.635724,-0.438955,-0.503140,0.387338,-0.002913,0.237764,0.069377
487,2767088176,0.633888,-0.437508,-0.505286,0.389185,0.006002,0.330958,0.030609
488,2767121510,0.632294,-0.437911,-0.506567,0.389660,-0.058450,0.553211,-0.026062
489,2767154844,0.631582,-0.441238,-0.505609,0.388305,-0.234179,0.570791,-0.013247
490,2767188178,0.631824,-0.446639,-0.502592,0.385643,-0.478108,0.529719,0.185391
491,2767221512,0.632817,-0.452256,-0.498733,0.382465,-0.557970,0.413410,0.323945
492,2767254846,0.634072,-0.456656,-0.495466,0.379392,-0.722237,0.388343,0.605402
493,2767288180,0.635878,-0.459449,-0.492783,0.376482,-0.673303,0.454802,0.686769
494,2767321514,0.638706,-0.460444,-0.490447,0.373517,-0.623190,0.409262,0.538062
495,2767354848,0.642440,-0.459947,-0.488488,0.370280,-0.489187,0.286818,0.438946
496,2767388182,0.646854,-0.458936,-0.486340,0.366657,-0.364321,0.156827,0.382724
497,2767421516,0.651592,-0.457637,-0.483877,0.363135,-0.249045,-0.107116,0.283503
498,2767454850,0.656209,-0.455477,-0.481697,0.360423,-0.060876,-0.282827,0.127705
499,2767488184,0.660366,-0.452120,-0.480453,0.358713,0.099872,-0.409128,0.080111
500,2767521518,0.663762,-0.447989,-0.480255,0.357893,0.284083,-0.463845,-0.008439
501,2767554852,0.666474,-0.443890,-0.480540,0.357578,0.481345,-0.433017,-0.109496
502,2767588186,0.668704,-0.440756,-0.480586,0.357229,0.587133,-0.368556,-0.151256
503,2767621520,0.670627,-0.439389,-0.479774,0.356398,0.583263,-0.361354,-0.201982
504,2767654854,0.672195,-0.439640,-0.478219,0.355224,0.539952,-0.462498,-0.204075
505,2767688188,0.673170,-0.440595,-0.476646,0.354308,0.478890,-0.526969,-0.229789
506,2767721522,0.673419,-0.441737,-0.475497,0.353956,0.409047,-0.448033,-0.136131
507,2767754856,0.673183,-0.443295,-0.474320,0.354035,0.354458,-0.326183,-0.067957
508,2767788190,0.672558,-0.445096,-0.473132,0.354553,0.313651,-0.270087,-0.018525
509,2767821524,0.671557,-0.446600,-0.472414,0.355516,0.292181,-0.207862,0.063993
510,2767854858,0.670329,-0.447774,-0.472104,0.356765,0.234458,-0.119383,0.156092
511,2767888192,0.668964,-0.448673,-0.472061,0.358254,0.229114,-0.056238,0.199137
512,2767921526,0.667469,-0.449187,-0.472460,0.359868,0.200448,0.035866,0.160621
513,2767954860,0.665968,-0.449638,-0.473148,0.361178,0.114992,0.138352,0.214163
514,2767988194,0.664734,-0.450067,-0.473780,0.362088,0.088293,0.146691,0.207037
515,2768021528,0.663783,-0.450242,-0.474520,0.362647,-0.004985,0.133520,0.161752
516,2768054862,0.663045,-0.450306,-0.475271,0.362933,-0.048868,0.086653,0.209519
517,2768088196,0.662561,-0.450400,-0.475711,0.363124,-0.152557,0.032885,0.212601
518,2768121530,0.662153,-0.450297,-0.476022,0.363587,-0.188689,-0.051732,0.328753
519,2768154864,0.661757,-0.449245,-0.476664,0.364767,-0.140586,-0.166336,0.338078
520,2768188198,0.661290,-0.447182,-0.477872,0.366565,-0.099549,-0.073152,0.205432
521,2768221532,0.660896,-0.444811,-0.479110,0.368537,0.001331,-0.104248,0.106415
522,2768254866,0.660455,-0.442035,-0.480457,0.370908,0.015631,-0.232639,0.064626
523,2768288200,0.659715,-0.438700,-0.482118,0.374016,0.083404,-0.266872,0.113087
524,2768321534,0.658751,-0.434785,-0.483851,0.378027,0.193806,-0.367591,0.155284
525,2768354868,0.657280,-0.429994,-0.486199,0.383022,0.258853,-0.471180,0.262782
526,2768388202,0.655053,-0.423786,-0.489681,0.389269,0.395599,-0.542120,0.290817
527,2768421536,0.652000,-0.415890,-0.494457,0.396801,0.488970,-0.575470,0.223420
528,2768454870,0.647973,-0.406438,-0.500677,0.405302,0.671860,-0.582889,0.078331
529,2768488204,0.643038,-0.396555,-0.507782,0.414018,0.618705,-0.472784,0.034912
530,2768521538,0.637541,-0.387556,-0.514611,0.422522,0.583891,-0.528072,-0.119919
531,2768554872,0.631476,-0.379244,-0.521198,0.431013,0.475379,-0.603898,-0.239735
532,2768588206,0.624698,-0.371948,-0.527596,0.439383,0.294324,-0.470572,-0.373718
533,2768621540,0.617534,-0.366789,-0.533056,0.447187,-0.002092,-0.505682,-0.410214
534,2768654874,0.609696,-0.363439,-0.537713,0.455033,-0.151946,-0.551453,-0.448272
535,2768688208,0.600793,-0.361399,-0.542007,0.463330,-0.452425,-0.206103,-0.263751
536,2768721542,0.591213,-0.362313,-0.544955,0.471410,-0.738481,0.036045,-0.180550
537,2768754876,0.581514,-0.366103,-0.546522,0.478676,-0.967721,0.321337,-0.120110
538,2768788210,0.572552,-0.371003,-0.547216,0.484873,-1.178806,0.790192,0.103262
539,2768821544,0.565390,-0.375884,-0.547077,0.489652,-1.222081,1.035548,0.366077
540,2768854878,0.560264,-0.379965,-0.546452,0.493081,-1.173714,1.058825,0.628222
541,2768888212,0.556599,-0.381960,-0.546667,0.495445,-1.106919,1.056849,0.678175
542,2768921546,0.554609,-0.381952,-0.547889,0.496332,-1.156324,1.225819,0.819777
543,2768954880,0.554758,-0.380911,-0.549194,0.495523,-1.139788,1.181419,0.825666
544,2768988214,0.557048,-0.378917,-0.550391,0.493149,-0.989194,1.016566,0.595255
545,2769021548,0.561029,-0.376121,-0.551614,0.489396,-0.899654,0.831005,0.477656
546,2769054882,0.566465,-0.373419,-0.552127,0.484601,-0.764542,0.643219,0.443770
547,2769088216,0.573102,-0.370667,-0.551859,0.479185,-0.440838,0.358928,0.319633
548,2769121550,0.580193,-0.366994,-0.551767,0.473552,-0.190907,0.112221,0.340036
549,2769154884,0.587271,-0.362635,-0.551960,0.467928,0.070475,-0.031701,0.249136
550,2769188218,0.594019,-0.357993,-0.552439,0.462385,0.343985,-0.214006,0.013072
551,2769221552,0.600024,-0.353902,-0.553185,0.456856,0.488520,-0.226846,-0.215523
552,2769254886,0.605490,-0.352450,-0.552989,0.450965,0.452641,-0.149535,-0.273283
553,2769288220,0.611029,-0.354952,-0.550417,0.444636,0.487173,-0.252719,-0.298423
554,2769321554,0.616482,-0.359825,-0.546168,0.438388,0.496679,-0.438099,-0.216152
555,2769354888,0.621283,-0.364859,-0.541891,0.432720,0.522680,-0.571143,-0.118612
556,2769388222,0.624994,-0.368674,-0.538748,0.428042,0.551585,-0.589371,-0.066056
557,2769421556,0.627520,-0.371014,-0.537095,0.424386,0.649935,-0.489449,-0.095359
558,2769454890,0.629118,-0.373102,-0.536286,0.421201,0.680936,-0.305064,-0.120098
559,2769488224,0.630216,-0.376743,-0.535148,0.417750,0.583981,-0.154413,-0.094758
560,2769521558,0.631267,-0.382424,-0.532918,0.413835,0.477151,-0.099840,-0.088625
561,2769554892,0.632471,-0.389380,-0.529811,0.409476,0.396679,-0.068887,-0.032214
562,2769588226,0.633782,-0.397044,-0.526187,0.404735,0.276246,-0.015038,0.019195
563,2769621560,0.635132,-0.405254,-0.522091,0.399755,0.142630,-0.004340,0.151760
564,2769654894,0.636420,-0.413065,-0.517991,0.395017,0.083166,-0.122337,0.301698
565,2769688228,0.637199,-0.419020,-0.515165,0.391166,0.030396,-0.137819,0.353221
566,2769721562,0.637538,-0.422993,-0.513898,0.387993,0.011176,0.051796,0.344206
567,2769754896,0.638055,-0.425881,-0.513293,0.384770,-0.009529,0.156012,0.292966
568,2769788230,0.639035,-0.428664,-0.512515,0.381073,-0.038423,0.171759,0.300057
569,2769821564,0.640659,-0.431818,-0.510933,0.376886,-0.056359,0.047823,0.236768
570,2769854898,0.642412,-0.434568,-0.509412,0.372780,0.018623,-0.159672,0.052706
571,2769888232,0.643568,-0.436542,-0.508867,0.369206,0.099814,-0.166471,-0.138904
572,2769921566,0.644119,-0.439140,-0.508351,0.365860,0.154149,-0.040284,0.047585
573,2769954900,0.644730,-0.443857,-0.506001,0.362330,0.088508,-0.035746,0.158348
574,2769988234,0.645090,-0.449303,-0.503150,0.358932,0.093969,-0.142759,-0.104467
575,2770021568,0.644997,-0.454127,-0.501102,0.355879,-0.011394,0.088669,-0.141307
576,2770054902,0.645044,-0.459223,-0.498458,0.352957,0.110575,0.091638,-0.083020
577,2770088236,0.645002,-0.465109,-0.494860,0.350382,0.169964,0.185321,-0.090652
578,2770121570,0.644683,-0.472380,-0.490021,0.348033,0.220216,0.417197,-0.100288
579,2770154904,0.644283,-0.480788,-0.483749,0.346029,0.163621,0.525703,0.232044
580,2770188238,0.643528,-0.489233,-0.476813,0.345223,0.013608,0.447486,1.009109
581,2770221572,0.642067,-0.495686,-0.471099,0.346580,-0.018634,0.516794,1.103986
582,2770254906,0.639965,-0.498203,-0.468928,0.349790,-0.062517,0.761185,1.064744
583,2770288240,0.637952,-0.496169,-0.470797,0.353823,0.037237,0.930043,1.239129
584,2770321574,0.637165,-0.490584,-0.475004,0.357389,0.109623,0.954973,0.722008
585,2770354908,0.637311,-0.482766,-0.480995,0.359754,0.306886,0.837605,0.095946
586,2770388242,0.638200,-0.475186,-0.486917,0.360302,0.351092,0.852233,-0.115438
587,2770421576,0.640044,-0.470548,-0.490253,0.358591,0.324874,0.727296,-0.423656
588,2770454910,0.642577,-0.469730,-0.490390,0.354926,0.176389,0.521019,-0.639851
589,2770488244,0.645412,-0.472129,-0.487610,0.350402,0.128279,0.264075,-0.455491
590,2770521578,0.647979,-0.476398,-0.483036,0.346195,-0.036936,0.087178,0.017851
591,2770554912,0.649953,-0.480690,-0.478349,0.343056,-0.052708,0.003758,0.184216
592,2770588246,0.651174,-0.483039,-0.475638,0.341205,0.005314,0.032111,0.191237
593,2770621580,0.652000,-0.483767,-0.474959,0.339539,0.019589,0.373810,0.428621
594,2770654914,0.653705,-0.484790,-0.473735,0.336496,-0.000646,0.410782,0.458358
595,2770688248,0.656491,-0.486111,-0.471657,0.332059,-0.075329,0.151886,0.428978
596,2770721582,0.659868,-0.487202,-0.469288,0.327084,-0.167883,-0.057074,0.434229
597,2770754916,0.663439,-0.487867,-0.466901,0.322250,-0.183484,-0.232952,0.378778
598,2770788250,0.666951,-0.487898,-0.464787,0.317980,-0.230350,-0.309873,0.246503
599,2770821584,0.670278,-0.487147,-0.463212,0.314415,-0.212478,-0.402594,0.100277
600,2770854918,0.673278,-0.485519,-0.462450,0.311632,-0.204641,-0.489910,0.013826
601,2770888252,0.675962,-0.483225,-0.462242,0.309690,-0.144770,-0.561389,-0.048300
602,2770921586,0.678294,-0.480640,-0.462269,0.308572,-0.073335,-0.653219,-0.145251
603,2770954920,0.679981,-0.478072,-0.462538,0.308444,-0.011714,-0.715032,-0.172890
604,2770988254,0.680916,-0.475809,-0.462890,0.309351,0.084906,-0.723335,-0.177916
605,2771021588,0.681080,-0.474081,-0.463253,0.311096,0.112334,-0.676587,-0.140639
606,2771054922,0.680623,-0.472825,-0.463630,0.313438,0.173853,-0.616700,-0.087149
607,2771088256,0.679724,-0.471836,-0.464082,0.316199,0.192608,-0.561107,0.005531
608,2771121590,0.678372,-0.471238,-0.464585,0.319238,0.175050,-0.505507,0.072436
609,2771154924,0.676596,-0.470820,-0.465356,0.322486,0.151946,-0.470244,0.089883
610,2771188258,0.674525,-0.470451,-0.466384,0.325860,0.110292,-0.331906,0.089313
611,2771221592,0.672381,-0.470274,-0.467298,0.329219,0.063235,-0.287141,0.093377
612,2771254926,0.670033,-0.470153,-0.468314,0.332718,0.002441,-0.264262,0.081244
613,2771288260,0.667373,-0.469854,-0.469688,0.336528,-0.000715,-0.250982,0.028158
614,2771321594,0.664183,-0.469058,-0.471748,0.341037,0.086686,-0.285185,0.029929
615,2771354928,0.660322,-0.468223,-0.474383,0.345991,0.095290,0.022409,-0.153297
616,2771388262,0.656331,-0.468726,-0.476227,0.350343,0.058253,0.255322,-0.071891
617,2771421596,0.652810,-0.470614,-0.476587,0.353884,-0.026354,0.259870,0.137589
618,2771454930,0.649681,-0.472925,-0.476260,0.356986,-0.150402,0.246208,0.303531
619,2771488264,0.646616,-0.474680,-0.476378,0.360052,-0.199493,0.249517,0.345369
620,2771521598,0.643647,-0.475113,-0.477466,0.363345,-0.242631,0.321886,0.303169
621,2771554932,0.640862,-0.474114,-0.479650,0.366680,-0.217939,0.421518,0.279036
622,2771588266,0.638641,-0.472712,-0.481885,0.369425,-0.193258,0.543511,0.188270
623,2771621600,0.636874,-0.471664,-0.483762,0.371357,-0.204331,0.294497,0.380389
624,2771654934,0.635032,-0.469714,-0.486441,0.373477,-0.054374,0.163943,0.324292
625,2771688268,0.633134,-0.467128,-0.489849,0.375482,0.053395,0.366953,0.114573
626,2771721602,0.631626,-0.465337,-0.492795,0.376391,0.093202,0.416621,-0.023530
627,2771754936,0.630646,-0.464770,-0.494747,0.376174,0.072863,0.298595,-0.131290
628,2771788270,0.629854,-0.465025,-0.496094,0.375411,0.060168,0.218316,-0.206767
629,2771821604,0.629027,-0.466162,-0.496820,0.374426,-0.070046,0.119344,0.071108
630,2771854938,0.627914,-0.467313,-0.497615,0.373805,-0.090663,-0.132095,0.255094
631,2771888272,0.626364,-0.467058,-0.499791,0.373818,-0.097338,-0.030493,0.429776
632,2771921606,0.625495,-0.466434,-0.501941,0.373172,-0.057291,0.154964,0.956079
633,2771954940,0.626631,-0.466468,-0.502530,0.370420,0.005338,0.082732,0.860923
634,2771988274,0.629497,-0.466229,-0.502660,0.365655,-0.036239,-0.299304,0.751263
635,2772021608,0.632854,-0.464201,-0.503803,0.360837,-0.007316,-0.672789,0.748064
636,2772054942,0.635585,-0.459879,-0.506819,0.357329,0.083621,-0.727789,0.474801
637,2772088276,0.637545,-0.454711,-0.510788,0.354791,0.162264,-0.704519,0.304578
638,2772121610,0.638084,-0.450464,-0.514981,0.353175,0.276156,-0.980065,0.406356
639,2772154944,0.637413,-0.447046,-0.519186,0.352571,0.425984,-0.520906,0.476794
640,2772188278,0.636752,-0.445085,-0.522406,0.351491,0.381128,-0.293639,0.377100
641,2772221612,0.636254,-0.442904,-0.525475,0.350572,0.220730,-0.541288,0.436183
642,2772254946,0.635140,-0.438361,-0.530100,0.351337,-0.015235,-0.179910,0.602840
643,2772288280,0.635099,-0.433300,-0.533273,0.352884,-0.094994,0.384783,0.855980
644,2772321614,0.636762,-0.428757,-0.533699,0.354787,-0.311611,-0.446550,0.894726
645,2772354948,0.637296,-0.423111,-0.534939,0.358717,-0.215426,-0.794321,0.613380
646,2772388282,0.636142,-0.416431,-0.537320,0.364969,-0.083046,-0.244130,0.476514
647,2772421616,0.633463,-0.409704,-0.541032,0.371697,0.203576,-0.471364,-0.082138
648,2772454950,0.629442,-0.403521,-0.545131,0.379226,0.145752,-0.042058,-0.121811
649,2772488284,0.623391,-0.399560,-0.549148,0.387529,0.071044,0.220597,-0.266601
650,2772521618,0.613422,-0.397049,-0.556467,0.395495,0.229677,0.241434,-0.838622
651,2772554952,0.601790,-0.397516,-0.565818,0.399607,0.639330,0.475247,-1.282176
652,2772588286,0.589268,-0.398078,-0.576156,0.402926,0.376823,-0.425296,-1.571446
653,2772621620,0.571862,-0.396218,-0.591487,0.407597,-0.668620,0.286596,-1.158041
654,2772654954,0.553561,-0.396681,-0.608734,0.407019,-0.152888,1.469967,0.174982
655,2772688288,0.539125,-0.397162,-0.621889,0.406040,0.043985,0.481059,0.790118
656,2772721622,0.527209,-0.392807,-0.632802,0.409050,-0.998524,1.313649,1.158626
657,2772754956,0.524114,-0.391266,-0.636359,0.408987,-1.747328,1.560227,0.786304
658,2772788290,0.528804,-0.397510,-0.631154,0.404975,-0.337446,-0.872525,-0.427735
659,2772821624,0.526105,-0.398148,-0.635457,0.401116,0.614759,-0.662727,0.235743
660,2772854958,0.523014,-0.395376,-0.640166,0.400410,-0.267392,0.806039,0.389727
661,2772888292,0.524544,-0.398726,-0.639561,0.396030,-0.003300,-0.230692,-0.114773
662,2772921626,0.527627,-0.403131,-0.636308,0.392701,-0.501945,-0.905759,-0.135185
663,2772954960,0.524613,-0.409154,-0.636893,0.389549,-0.580604,-0.743808,-0.269535
664,2772988294,0.514967,-0.411928,-0.644693,0.386655,0.325733,0.749806,-0.275136
665,2773021628,0.507763,-0.412873,-0.651669,0.383467,0.154287,1.076625,-1.146294
666,2773054962,0.497880,-0.412490,-0.661733,0.379583,1.037775,0.367415,-3.153411
667,2773088296,0.477934,-0.401658,-0.684983,0.375573,0.983861,1.833837,-1.624465
668,2773121630,0.459586,-0.386852,-0.708434,0.370480,0.341020,3.186364,-0.167277
669,2773154964,0.454709,-0.379121,-0.719872,0.362350,-1.125398,1.864865,1.307508
670,2773188298,0.460931,-0.378936,-0.718539,0.357294,-1.686430,-3.234001,0.981544
671,2773221632,0.465662,-0.370869,-0.717957,0.360777,2.023067,-2.158713,0.549370
672,2773254966,0.465982,-0.352973,-0.723336,0.367508,0.980237,1.736174,0.717758
673,2773288300,0.471897,-0.344844,-0.723783,0.366799,-0.216523,2.314369,0.804972
674,2773321634,0.485367,-0.347379,-0.715710,0.362649,-0.068690,-0.276312,0.877614
675,2773354968,0.500910,-0.347483,-0.704974,0.362440,-0.162904,-1.237492,0.247146
676,2773388302,0.506789,-0.333559,-0.703622,0.369900,0.134876,-2.270092,-1.284763
677,2773421636,0.494377,-0.303326,-0.722210,0.376835,-2.245831,2.445861,-0.420824
678,2773454970,0.507867,-0.302661,-0.716309,0.370644,0.351994,3.095241,2.112834
679,2773488304,0.533965,-0.307663,-0.697688,0.365327,0.878307,-3.793496,-1.072943
680,2773521638,0.530435,-0.287577,-0.705941,0.370935,-1.798079,-1.707047,0.209004
681,2773554972,0.523041,-0.274407,-0.715364,0.373348,1.008357,3.370569,2.607431
682,2773588306,0.537647,-0.270526,-0.705375,0.374439,1.927365,-0.479318,-0.762243
683,2773621640,0.543342,-0.254007,-0.702734,0.382665,1.236891,-3.660824,-1.551984
684,2773654974,0.536580,-0.233147,-0.708292,0.395036,0.209743,-0.515649,-0.027300
685,2773688308,0.530458,-0.217759,-0.712616,0.404203,0.574622,0.514184,-0.240992
686,2773721642,0.523648,-0.204612,-0.717584,0.411104,0.983755,0.027542,-0.775419
687,2773754976,0.515950,-0.200852,-0.727050,0.406029,-1.238210,2.572644,0.894674
688,2773788310,0.524159,-0.213740,-0.726809,0.389009,-0.715512,2.683307,1.847329
689,2773821644,0.543180,-0.236988,-0.716279,0.368435,-0.430937,1.064174,0.417933
690,2773854978,0.562181,-0.262432,-0.705450,0.342678,-0.046473,0.552265,0.895557
691,2773888312,0.582774,-0.291732,-0.690235,0.314405,0.242073,-0.900588,-0.375407
692,2773921646,0.595605,-0.321100,-0.678716,0.285483,-0.535178,-3.218284,-1.374771
693,2773954980,0.601772,-0.332723,-0.673558,0.271096,-1.844814,-1.042406,-0.237444
694,2773988314,0.610767,-0.345228,-0.663316,0.260384,-0.332181,-0.023270,-0.602384
695,2774021648,0.616129,-0.355028,-0.656650,0.251312,1.191676,-0.852461,-1.559015
696,2774054982,0.613770,-0.355033,-0.661126,0.245270,-0.022887,-0.476681,-0.618116
697,2774088316,0.599756,-0.345252,-0.677413,0.249424,-1.457256,-0.566204,0.013384
698,2774121650,0.584650,-0.327811,-0.694520,0.261484,-0.391035,1.068904,0.897587
699,2774154984,0.588665,-0.318781,-0.694018,0.264949,-0.371987,1.581179,-0.061954
700,2774188318,0.594566,-0.319330,-0.689911,0.261818,2.970490,1.585876,0.325712
701,2774221652,0.597011,-0.322842,-0.687651,0.257867,2.270679,-0.625985,1.169724
702,2774254986,0.597897,-0.322176,-0.688121,0.255377,1.135746,-2.419967,0.051338
703,2774288320,0.598835,-0.322945,-0.687513,0.253842,0.036013,0.732329,1.194072
704,2774321654,0.605765,-0.336533,-0.676801,0.248480,-0.480864,0.524589,0.041074
705,2774354988,0.606303,-0.348002,-0.670685,0.247952,-1.129531,-1.386875,-1.957345
706,2774388322,0.599347,-0.344489,-0.677276,0.251822,-1.715276,0.547450,0.626118
707,2774421656,0.582850,-0.331125,-0.694622,0.261055,-1.941931,0.397632,0.331729
708,2774454990,0.568629,-0.318886,-0.707204,0.273573,0.399747,1.623821,0.757283
709,2774488324,0.564972,-0.308345,-0.711143,0.282865,2.920465,1.889749,-0.405091
710,2774521658,0.558862,-0.297912,-0.718387,0.287834,1.533104,-0.739660,-0.364308
711,2774554992,0.550586,-0.290189,-0.726644,0.290933,-1.191948,-2.499896,1.213079
712,2774588326,0.546889,-0.285992,-0.729028,0.296049,-0.408078,-1.132867,1.272846
713,2774621660,0.547172,-0.281933,-0.728705,0.300188,0.995755,-0.321713,-0.041753
714,2774654994,0.549549,-0.281605,-0.726054,0.302568,1.037367,1.050210,0.285604
715,2774688328,0.555071,-0.287557,-0.718389,0.305174,-0.683351,0.666744,0.245094
716,2774721662,0.559999,-0.294135,-0.710884,0.307468,-1.611053,-0.205759,-0.056547
717,2774754996,0.561127,-0.295169,-0.707397,0.312423,0.594482,-1.168838,-0.098269
718,2774788330,0.557338,-0.288056,-0.708444,0.323284,0.542436,-0.492596,0.347813
719,2774821664,0.554774,-0.280835,-0.708960,0.332778,0.825927,-0.800359,0.685797
720,2774854998,0.552670,-0.269495,-0.711205,0.340768,1.124761,-1.499746,0.160111
721,2774888332,0.547811,-0.253765,-0.716351,0.349792,1.119098,-0.712773,-0.112584
722,2774921666,0.545129,-0.239726,-0.719479,0.357383,1.682501,-0.965642,0.061695
723,2774955000,0.540916,-0.223921,-0.722327,0.368131,1.832126,-0.887433,0.509208
724,2774988334,0.537392,-0.209097,-0.723208,0.380086,1.190565,0.521070,-0.163236
725,2775021668,0.534610,-0.195800,-0.723108,0.391121,0.176510,0.346185,0.262141
726,2775055002,0.534840,-0.185760,-0.718897,0.403279,-1.448192,0.933107,0.349573
727,2775088336,0.534514,-0.178487,-0.713891,0.415696,-0.050130,0.503455,-0.720664
728,2775121670,0.528669,-0.165138,-0.714299,0.427812,1.045612,1.016904,0.108977
729,2775155004,0.519316,-0.142929,-0.718152,0.440620,-0.271456,-0.295221,0.739159
730,2775188338,0.507994,-0.117969,-0.721902,0.454852,0.461897,0.128578,-0.403360
731,2775221672,0.496526,-0.094052,-0.725641,0.466977,0.832580,0.317644,-0.818322
732,2775255006,0.483271,-0.070415,-0.730725,0.477009,-0.372906,0.156379,-0.341411
733,2775288340,0.468306,-0.048543,-0.736566,0.485603,-1.531128,0.153808,0.567960
734,2775321674,0.456697,-0.032303,-0.738630,0.494789,-1.685731,1.164353,1.273847
735,2775355008,0.451097,-0.023115,-0.736764,0.503153,-1.603416,0.271829,1.164300
736,2775388342,0.445847,-0.015662,-0.735875,0.509383,-0.477123,0.124739,-0.332872
737,2775421676,0.441039,-0.009594,-0.737259,0.511712,-0.956939,0.348514,-0.195516
738,2775455010,0.441147,-0.009582,-0.737331,0.511514,-1.010532,0.560099,-0.115904
739,2775488344,0.445387,-0.013841,-0.736102,0.509510,-0.376062,0.768540,-0.458961
740,2775521678,0.449245,-0.017149,-0.735522,0.506852,-0.283241,1.007118,-0.364151
741,2775555012,0.451870,-0.018357,-0.735154,0.505007,-0.098558,1.034801,0.110450
742,2775588346,0.453896,-0.019419,-0.734975,0.503408,-0.169174,0.989707,0.137076
743,2775621680,0.456915,-0.021132,-0.734224,0.501702,0.318767,0.480039,0.465962
744,2775655014,0.458653,-0.021399,-0.733703,0.500865,0.063407,-0.713421,0.531946
745,2775688348,0.459446,-0.022142,-0.733592,0.500269,-0.257915,-1.231951,0.083207
746,2775721682,0.459737,-0.023639,-0.734065,0.499238,-0.025370,-0.757013,-0.146741
747,2775755016,0.460202,-0.026361,-0.734759,0.497650,-0.381227,-0.019539,-0.102809
748,2775788350,0.461788,-0.031676,-0.735418,0.494890,-0.806325,0.355226,0.100657
749,2775821684,0.465383,-0.039973,-0.735643,0.490568,-0.843787,0.686837,0.296191
750,2775855018,0.471706,-0.051296,-0.734718,0.484829,-0.544530,0.269255,0.069440
751,2775888352,0.479377,-0.064139,-0.733105,0.478171,-0.059232,0.186216,-0.182967
752,2775921686,0.486870,-0.076962,-0.731912,0.470474,0.112833,0.265569,0.038689
753,2775955020,0.494417,-0.090537,-0.730755,0.461908,0.012536,0.142501,0.169388
754,2775988354,0.502345,-0.105186,-0.728936,0.453040,-0.102006,-0.048519,-0.007612
755,2776021688,0.510273,-0.120246,-0.726817,0.443741,0.016488,0.285754,-0.094506
756,2776055022,0.517409,-0.134637,-0.725193,0.433892,0.084982,0.566323,0.069701
757,2776088356,0.524661,-0.148967,-0.723498,0.423198,-0.203422,0.536046,0.203988
758,2776121690,0.532507,-0.163684,-0.720679,0.412640,0.162223,0.309654,0.166609
759,2776155024,0.539592,-0.177353,-0.717742,0.402791,0.645222,0.311410,-0.094277
760,2776188358,0.545054,-0.189863,-0.715729,0.393201,0.533928,0.271696,-0.012720
761,2776221692,0.549677,-0.202424,-0.714080,0.383376,0.328793,0.343829,0.049093
762,2776255026,0.554312,-0.216029,-0.712034,0.372939,0.231550,0.241278,0.037281
763,2776288360,0.559255,-0.230843,-0.709280,0.361767,0.271208,0.097591,0.023688
764,2776321694,0.563692,-0.246003,-0.706482,0.350178,0.442455,-0.090559,0.042123
765,2776355028,0.567199,-0.261005,-0.703844,0.338782,0.277936,-0.008550,0.069916
766,2776388362,0.570095,-0.275566,-0.701121,0.327860,0.110750,0.097842,0.326355
767,2776421696,0.572930,-0.289334,-0.697963,0.317632,0.093378,0.217118,0.162643
768,2776455030,0.575706,-0.302822,-0.694304,0.307915,-0.141468,0.408186,0.202354
769,2776488364,0.578729,-0.316722,-0.689834,0.298156,-0.161050,0.682778,0.250973
770,2776521698,0.582582,-0.331670,-0.684054,0.287524,-0.039508,0.753961,0.181700
771,2776555032,0.587281,-0.347985,-0.676716,0.275807,-0.111869,0.417394,0.103627
772,2776588366,0.592308,-0.365160,-0.668170,0.263412,0.014711,0.285061,0.139315
773,2776621700,0.597432,-0.382748,-0.658673,0.250471,0.252374,0.249539,0.207165
774,2776655034,0.602383,-0.400461,-0.648496,0.237121,0.408077,0.114592,0.071053
775,2776688368,0.606597,-0.417794,-0.638309,0.223736,0.440575,0.074542,-0.094023
776,2776721702,0.609954,-0.434446,-0.628445,0.210419,0.334404,0.013480,-0.145588
777,2776755036,0.612719,-0.450195,-0.618851,0.197308,0.430545,0.136242,-0.060551
778,2776788370,0.615122,-0.464960,-0.609606,0.183912,0.377495,0.415168,0.301358
779,2776821704,0.618122,-0.478683,-0.599940,0.169902,0.316814,0.401901,0.273304
780,2776855038,0.621402,-0.491987,-0.589573,0.155623,0.356833,0.079878,0.041923
781,2776888372,0.624147,-0.505054,-0.579111,0.141418,0.319030,-0.291857,-0.078592
782,2776921706,0.626155,-0.517442,-0.569145,0.127532,0.278236,-0.231225,0.034899
783,2776955040,0.627675,-0.529138,-0.559437,0.114343,0.335888,-0.236137,0.105786
784,2776988374,0.628909,-0.540299,-0.549751,0.101644,0.291006,-0.200748,0.165302
785,2777021708,0.630050,-0.551032,-0.539869,0.089159,0.144937,-0.319523,0.118816
786,2777055042,0.631005,-0.561266,-0.529999,0.076945,0.096941,-0.460501,0.120752
787,2777088376,0.631948,-0.570771,-0.520190,0.065355,0.071973,-0.722280,0.132897
788,2777121710,0.632725,-0.579117,-0.511142,0.054980,0.087753,-0.930846,0.031939
789,2777155044,0.633011,-0.586228,-0.503500,0.046129,0.040774,-1.059353,0.048038
790,2777188378,0.632944,-0.591942,-0.497469,0.038965,-0.030854,-0.945301,0.184822
791,2777221712,0.632917,-0.596308,-0.492677,0.033299,-0.139792,-0.988568,0.234765
792,2777255046,0.632999,-0.599139,-0.489373,0.029427,-0.274759,-0.963263,0.162253
793,2777288380,0.633101,-0.600446,-0.487752,0.027446,-0.407576,-0.825347,0.174307
794,2777321714,0.633335,-0.600377,-0.487550,0.027139,-0.256391,-0.804649,0.153028
795,2777355048,0.633676,-0.598964,-0.488776,0.028309,-0.170095,-0.734750,0.174164
796,2777388382,0.634182,-0.596268,-0.491259,0.030820,-0.203537,-0.755666,0.145111
797,2777421716,0.634787,-0.592480,-0.494788,0.034699,-0.235920,-0.754047,0.142603
798,2777455050,0.635431,-0.587726,-0.499224,0.039855,-0.207332,-0.700977,0.194023
799,2777488384,0.636056,-0.582121,-0.504440,0.045994,-0.158826,-0.588594,0.222398
800,2777521718,0.636630,-0.575802,-0.510258,0.052892,-0.062410,-0.541740,0.078836
801,2777555052,0.636965,-0.568992,-0.516602,0.060446,-0.056861,-0.392565,-0.014320
802,2777588386,0.637139,-0.561878,-0.523152,0.068311,0.012897,-0.362933,0.113780
803,2777621720,0.637233,-0.554643,-0.529622,0.076241,-0.077322,-0.597957,0.136615
804,2777655054,0.637002,-0.547163,-0.536330,0.084840,-0.059120,-0.678740,0.133723
805,2777688388,0.636394,-0.539278,-0.543416,0.094273,0.073397,-0.478543,0.169991
806,2777721722,0.635468,-0.531041,-0.550758,0.104153,0.233941,-0.364289,0.136332
807,2777755056,0.634265,-0.522508,-0.558223,0.114399,0.185993,-0.278303,0.002521
808,2777788390,0.632762,-0.513724,-0.565771,0.124936,0.120651,-0.269574,0.088604
809,2777821724,0.631014,-0.504381,-0.573549,0.135904,0.112685,-0.269165,0.117708
810,2777855058,0.628970,-0.494395,-0.581613,0.147324,0.277218,-0.237109,-0.012402
811,2777888392,0.626520,-0.483919,-0.589883,0.159185,0.323768,-0.098278,0.043510
812,2777921726,0.623829,-0.473078,-0.598086,0.171272,0.412317,0.111760,0.051030
813,2777955060,0.620931,-0.462043,-0.606131,0.183233,0.185914,0.144092,0.042444
814,2777988394,0.617725,-0.450758,-0.614121,0.195179,0.194297,0.200566,-0.033836
815,2778021728,0.614205,-0.439496,-0.621941,0.206861,0.147432,0.380763,-0.015994
816,2778055062,0.610449,-0.428402,-0.629470,0.218168,0.115978,0.469419,-0.063581
817,2778088396,0.606550,-0.417657,-0.636659,0.228762,0.025156,0.592114,0.007924
818,2778121730,0.602714,-0.407483,-0.643265,0.238559,-0.057511,0.528642,0.107126
819,2778155064,0.599095,-0.397863,-0.649224,0.247599,-0.159842,0.596937,0.119475
820,2778188398,0.595880,-0.389029,-0.654454,0.255502,-0.259099,0.558968,0.169167
821,2778221732,0.593095,-0.380937,-0.659031,0.262318,-0.275120,0.543243,0.209268
822,2778255066,0.590678,-0.373508,-0.663059,0.268237,-0.422005,0.681795,0.154859
823,2778288400,0.588915,-0.367179,-0.666245,0.272919,-0.445130,0.678950,0.148439
824,2778321734,0.587860,-0.362120,-0.668493,0.276430,-0.390739,0.628722,0.064019
825,2778355068,0.587227,-0.358235,-0.670103,0.278930,-0.350146,0.483606,0.048428
826,2778388402,0.586863,-0.355267,-0.671275,0.280665,-0.311469,0.340849,0.068465
827,2778421736,0.586800,-0.353290,-0.671952,0.281673,-0.403916,0.246808,0.059822
828,2778455070,0.587033,-0.352399,-0.672101,0.281947,-0.353645,0.116173,0.148903
829,2778488404,0.587473,-0.352329,-0.671905,0.281587,-0.214806,0.051514,0.220481
830,2778521738,0.588072,-0.352777,-0.671458,0.280839,-0.138223,-0.154084,0.235854
831,2778555072,0.588416,-0.353350,-0.671113,0.280225,-0.086589,-0.460041,0.240063
832,2778588406,0.588012,-0.353505,-0.671289,0.280455,-0.006870,-0.899168,0.344438
833,2778621740,0.587430,-0.352889,-0.671602,0.281699,-0.082592,-0.884896,0.596650
834,2778655074,0.588440,-0.352932,-0.670640,0.281827,-0.501027,-0.836306,0.698097
835,2778688408,0.590431,-0.354836,-0.669099,0.278918,0.385759,-1.583224,0.897834
836,2778721742,0.592965,-0.356535,-0.667519,0.275137,0.643125,-1.936763,0.987645
837,2778755076,0.594381,-0.356531,-0.667413,0.272331,0.818820,-1.499014,0.616018
838,2778788410,0.593422,-0.358060,-0.667979,0.271023,-0.030847,-1.006500,0.346902
839,2778821744,0.591109,-0.361263,-0.668480,0.270592,-0.216375,-0.145088,0.605765
840,2778855078,0.591182,-0.365640,-0.666165,0.270262,-0.612064,0.539307,0.554440
841,2778888412,0.590582,-0.368396,-0.665062,0.270550,-0.418244,0.322259,0.066929
842,2778921746,0.588279,-0.368594,-0.666407,0.271984,-0.593705,1.099373,0.640905
843,2778955080,0.586418,-0.367610,-0.667805,0.273898,-0.294152,0.964346,0.829288
844,2778988414,0.587258,-0.363916,-0.667466,0.277830,-0.928588,-0.820519,0.391733
845,2779021748,0.586919,-0.354915,-0.669378,0.285483,-0.985081,-0.760838,-0.290233
846,2779055082,0.585774,-0.343902,-0.671686,0.295712,-0.227863,0.412167,-0.606451
847,2779088416,0.585309,-0.333083,-0.673030,0.305790,-0.237409,0.462947,-1.323806
848,2779121750,0.583885,-0.323314,-0.674740,0.315086,0.017796,0.679470,-1.646596
849,2779155084,0.580949,-0.314803,-0.677379,0.323360,0.414784,0.226320,-1.882587
850,2779188418,0.576333,-0.305279,-0.683050,0.328777,-0.282421,1.623456,-1.048597
851,2779221752,0.573155,-0.300457,-0.687862,0.328743,0.445664,2.481661,-0.893389
852,2779255086,0.571467,-0.299836,-0.691770,0.324013,0.894619,2.345621,-0.451540
853,2779288420,0.570107,-0.302489,-0.694775,0.317447,0.834071,1.498752,-0.051247
854,2779321754,0.570234,-0.307415,-0.696073,0.309545,0.722536,0.670960,-0.348406
855,2779355088,0.570203,-0.312347,-0.697589,0.301137,0.587524,-0.252053,-0.279378
856,2779388422,0.568617,-0.315868,-0.700249,0.294213,0.214454,-0.593673,-0.197787
857,2779421756,0.565799,-0.318923,-0.702971,0.289824,-0.137283,-0.797440,0.152413
858,2779455090,0.563694,-0.321881,-0.703287,0.289889,-0.277873,-1.295443,0.401306
859,2779488424,0.561928,-0.321577,-0.703200,0.293842,0.128541,-1.994345,-0.824330
860,2779521758,0.554206,-0.312079,-0.709922,0.302458,-0.242186,-1.697591,-1.025776
861,2779555092,0.542293,-0.296900,-0.720505,0.314083,0.015084,-0.324711,-1.586008
862,2779588426,0.531091,-0.281849,-0.727979,0.329479,0.205637,1.759506,-0.025101
863,2779621760,0.530487,-0.279102,-0.720741,0.348173,-0.633743,1.894889,0.396849
864,2779655094,0.541978,-0.288378,-0.702647,0.359711,-0.889946,1.431743,-0.245286
865,2779688428,0.550739,-0.299553,-0.690133,0.361495,0.387546,1.045998,-0.065264
866,2779721762,0.554105,-0.309135,-0.684217,0.359524,0.531840,2.973719,0.834341
867,2779755096,0.561446,-0.322392,-0.675024,0.353822,0.588287,2.739762,1.546980
868,2779788430,0.569827,-0.335199,-0.664894,0.347650,-0.173847,1.369062,0.892920
869,2779821764,0.579032,-0.346366,-0.657184,0.335959,-0.538846,2.391778,-0.352626
870,2779855098,0.594169,-0.358167,-0.645532,0.319336,0.055739,2.798278,-0.889453
871,2779888432,0.610754,-0.365267,-0.632605,0.305576,-0.948423,0.828225,0.745832
872,2779921766,0.624848,-0.367188,-0.621823,0.296783,-1.356531,0.976483,-0.169419
873,2779955100,0.635494,-0.364879,-0.615487,0.290162,-0.543141,2.287267,-0.642121
874,2779988434,0.646042,-0.361178,-0.610214,0.282536,0.261991,1.399674,-0.347624
875,2780021768,0.655068,-0.357401,-0.605479,0.276681,0.648087,0.974001,0.368482
876,2780055102,0.662586,-0.355555,-0.599626,0.273892,0.934635,0.546966,1.205180
877,2780088436,0.670155,-0.356576,-0.591246,0.272362,1.200447,-0.217439,1.747724
878,2780121770,0.680475,-0.361191,-0.577846,0.269438,1.595502,-0.808690,2.171390
879,2780155104,0.695444,-0.370097,-0.556766,0.263447,1.969130,-1.518768,2.672821
880,2780188438,0.714659,-0.382601,-0.527704,0.253800,2.049554,-2.074092,2.781137
881,2780221772,0.735693,-0.396342,-0.494271,0.239523,1.826038,-2.721327,2.249254
882,2780255106,0.755173,-0.406938,-0.464101,0.220753,1.224533,-3.616013,0.984337
883,2780288440,0.769560,-0.410424,-0.446090,0.200849,0.563513,-4.471141,-0.670155
884,2780321774,0.776770,-0.407076,-0.443744,0.184433,0.159235,-4.431021,-1.958983
885,2780355108,0.777748,-0.401571,-0.451520,0.173163,-0.163900,-3.729185,-2.531276
886,2780388442,0.774152,-0.398685,-0.461761,0.168890,-0.237553,-3.117639,-2.720046
887,2780421776,0.767085,-0.401384,-0.469415,0.173576,-0.081480,-2.816721,-2.393407
888,2780455110,0.758018,-0.410216,-0.471303,0.187118,-0.144172,-2.613729,-1.883012
889,2780488444,0.747012,-0.423080,-0.468812,0.207842,-0.299065,-2.519739,-1.673342
890,2780521778,0.732308,-0.436593,-0.467051,0.234480,-0.127975,-2.253812,-1.127576
891,2780555112,0.713304,-0.448595,-0.468436,0.265584,0.180992,-1.674302,-0.133056
892,2780588446,0.691923,-0.459647,-0.470225,0.298099,0.433855,-0.583503,1.272304
893,2780621780,0.670789,-0.471734,-0.468346,0.328888,0.388885,0.708926,2.524175
894,2780655114,0.651595,-0.484708,-0.462266,0.356089,0.207146,1.460770,2.893408
895,2780688448,0.633973,-0.494330,-0.457351,0.380203,0.115836,1.760910,2.450841
896,2780721782,0.617639,-0.495811,-0.459320,0.402151,-0.016422,1.975900,1.704268
897,2780755116,0.603616,-0.488024,-0.468898,0.421452,0.080831,2.482563,1.054296
898,2780788450,0.592757,-0.474134,-0.482196,0.437413,-0.078868,2.871737,0.575066
899,2780821784,0.585181,-0.459076,-0.494507,0.449758,-0.180360,2.892200,0.090717
900,2780855118,0.580195,-0.446049,-0.504051,0.458643,-0.292288,2.772529,-0.293353
901,2780888452,0.576823,-0.436352,-0.510908,0.464599,-0.382048,2.561950,-0.537748
902,2780921786,0.574565,-0.429985,-0.515748,0.467973,-0.652576,2.242298,-0.447507
903,2780955120,0.573193,-0.425163,-0.519662,0.469729,-0.664645,1.949143,-0.218796
904,2780988454,0.572908,-0.419491,-0.523715,0.470673,-0.752697,1.543234,0.195619
905,2781021788,0.573542,-0.411013,-0.528848,0.471641,-0.949674,1.007686,0.659918
906,2781055122,0.574825,-0.398237,-0.535034,0.474057,-0.562242,0.539565,0.702548
907,2781088456,0.576629,-0.381602,-0.543263,0.476184,-0.536001,0.628335,0.838867
908,2781121790,0.581893,-0.366281,-0.550569,0.473411,-0.790310,0.567171,1.234763
909,2781155124,0.593198,-0.356993,-0.553095,0.463428,-0.620183,-0.181823,1.317622
910,2781188458,0.608766,-0.353058,-0.550696,0.448881,-0.445814,-1.636872,0.722422
911,2781221792,0.622824,-0.349938,-0.547955,0.435185,-0.451570,-2.775503,-0.150724
912,2781255126,0.630729,-0.343840,-0.548908,0.427389,-0.262064,-2.987236,-1.128736
913,2781288460,0.631816,-0.334891,-0.553745,0.426650,-0.057283,-2.269723,-1.630543
914,2781321794,0.628761,-0.326735,-0.558838,0.430825,-0.014612,-1.513251,-1.635770
915,2781355128,0.624039,-0.323249,-0.561412,0.436931,0.073077,-0.929288,-1.455241
916,2781388462,0.618552,-0.326130,-0.561173,0.442859,0.169369,-0.631747,-1.149261
917,2781421796,0.612644,-0.335328,-0.558341,0.447755,0.248404,-0.373765,-0.555896
918,2781455130,0.606947,-0.350346,-0.552420,0.451344,-0.004251,-0.211400,0.380183
919,2781488464,0.601643,-0.369018,-0.543764,0.454070,-0.215387,-0.044833,0.869094
920,2781521798,0.596456,-0.386828,-0.534810,0.456716,-0.359129,0.046958,0.928259
921,2781555132,0.591021,-0.398704,-0.529093,0.460215,-0.358065,0.204555,0.711667
922,2781588466,0.585838,-0.402611,-0.528403,0.464215,-0.460314,0.488365,0.699979
923,2781621800,0.581514,-0.400021,-0.531540,0.468291,-0.483838,0.646288,0.807878
924,2781655134,0.577614,-0.393650,-0.536825,0.472470,-0.473428,0.811287,0.662010
925,2781688468,0.574351,-0.386420,-0.542548,0.475867,-0.525950,0.830600,0.390621
926,2781721802,0.570857,-0.378814,-0.549173,0.478580,-0.691650,0.653022,0.033747
927,2781755136,0.566294,-0.369467,-0.558019,0.481069,-0.704870,0.489235,-0.075752
928,2781788470,0.556665,-0.353562,-0.573445,0.486092,-0.538611,0.113176,-0.457104
929,2781821804,0.539006,-0.325794,-0.599809,0.493524,-1.115503,1.457144,0.008693
930,2781855138,0.520374,-0.292002,-0.628045,0.499511,-1.646199,3.641202,1.121720
931,2781888472,0.512875,-0.264654,-0.645730,0.499958,-1.801422,4.219154,1.499114
932,2781921806,0.517824,-0.248563,-0.652548,0.494228,-1.272515,3.399660,1.102631
933,2781955140,0.529781,-0.242120,-0.653118,0.483894,-0.863123,2.885271,0.904088
934,2781988474,0.551106,-0.251062,-0.645758,0.465030,-0.472181,2.442059,0.841301
935,2782021808,0.579207,-0.272125,-0.632313,0.436640,1.350697,1.187059,0.162182
936,2782055142,0.605642,-0.295424,-0.617504,0.405732,2.042491,0.550910,0.166433
937,2782088476,0.632020,-0.320360,-0.597856,0.374827,2.032889,-0.284711,-0.031821
938,2782121810,0.659965,-0.347325,-0.571649,0.342104,1.792009,-1.025758,-0.407868
939,2782155144,0.685366,-0.374233,-0.542936,0.308951,1.775825,-2.110770,-1.018713
940,2782188478,0.703621,-0.396525,-0.519311,0.279299,1.471282,-2.322206,-0.752971
941,2782221812,0.715478,-0.412106,-0.503737,0.254000,0.285442,-2.660392,-0.509372
942,2782255146,0.722872,-0.421815,-0.495841,0.231683,-0.140793,-2.033224,-0.178661
943,2782288480,0.726876,-0.427615,-0.494539,0.210320,-0.095118,-1.807426,-0.305927
944,2782321814,0.726483,-0.431871,-0.498743,0.192282,-0.040111,-1.633918,-0.489326
945,2782355148,0.724493,-0.435860,-0.503586,0.177607,0.025531,-1.531089,-0.634147
946,2782388482,0.723497,-0.440545,-0.505076,0.165461,-0.120842,-1.897464,-0.775581
947,2782421816,0.723635,-0.446594,-0.502028,0.157740,-0.325692,-2.065531,-0.670315
948,2782455150,0.724581,-0.454023,-0.494601,0.155638,-0.514643,-2.214130,-0.590719
949,2782488484,0.726082,-0.462345,-0.483536,0.158875,-0.659319,-2.227957,-0.358480
950,2782521818,0.727861,-0.471605,-0.469203,0.166322,-0.830362,-1.997469,-0.209266
951,2782555152,0.728017,-0.481270,-0.454845,0.177465,-0.740076,-1.663502,-0.176577
952,2782588486,0.725601,-0.490329,-0.443138,0.191615,-0.548543,-1.432006,-0.064067
953,2782621820,0.721220,-0.496896,-0.435194,0.208682,-0.261180,-1.386752,0.411906
954,2782655154,0.715497,-0.500246,-0.430701,0.228740,0.183170,-1.134290,0.920722
955,2782688488,0.708484,-0.500257,-0.429555,0.251561,0.510959,-0.890741,1.244546
956,2782721822,0.699677,-0.496608,-0.432991,0.276330,0.576090,-0.670391,1.206780
957,2782755156,0.688053,-0.488316,-0.443366,0.302596,0.755051,-0.293274,0.805469
958,2782788490,0.674173,-0.476338,-0.459000,0.328512,1.054656,0.432173,0.495468
959,2782821824,0.660184,-0.463660,-0.474848,0.351714,1.013754,1.237979,0.183688
960,2782855158,0.648250,-0.453788,-0.486401,0.370498,0.843705,1.495331,0.047988
961,2782888492,0.638430,-0.447458,-0.493153,0.386000,0.809688,1.391804,-0.128514
962,2782921826,0.629257,-0.444121,-0.497156,0.399543,0.623868,1.442991,-0.145467
963,2782955160,0.619845,-0.443120,-0.499988,0.411651,0.474626,1.772969,-0.193551
964,2782988494,0.610751,-0.444182,-0.501809,0.421759,0.294047,2.248937,-0.148350
965,2783021828,0.603229,-0.447287,-0.502224,0.428750,0.001572,2.610437,0.021313
966,2783055162,0.598234,-0.451898,-0.501426,0.431836,-0.256871,2.706493,0.268502
967,2783088496,0.595962,-0.456479,-0.500424,0.431323,-0.403417,2.455306,0.543004
968,2783121830,0.595726,-0.458918,-0.500876,0.428526,-0.523998,2.075561,0.685760
969,2783155164,0.596736,-0.457809,-0.504039,0.424581,-0.563669,1.780630,0.684049
970,2783188498,0.599157,-0.454038,-0.509037,0.419224,-0.638383,1.695150,0.649227
971,2783221832,0.603851,-0.449912,-0.513438,0.411499,-0.694234,1.455326,0.608758
972,2783255166,0.611009,-0.446823,-0.515963,0.401006,-0.664196,1.079550,0.521368
973,2783288500,0.620418,-0.445125,-0.516125,0.388030,-0.536590,0.635361,0.542850
974,2783321834,0.631718,-0.444987,-0.513584,0.373038,-0.405548,0.110905,0.600900
975,2783355168,0.644038,-0.445947,-0.508816,0.357014,-0.317085,-0.416519,0.459106
976,2783388502,0.656097,-0.447192,-0.503141,0.341192,-0.292697,-0.923080,0.244201
977,2783421836,0.666689,-0.447758,-0.498092,0.327033,-0.318100,-1.295172,-0.069748
978,2783455170,0.675092,-0.447209,-0.494608,0.315634,-0.300707,-1.494243,-0.383896
979,2783488504,0.681188,-0.446094,-0.492581,0.307170,-0.274113,-1.463660,-0.474508
980,2783521838,0.685605,-0.445568,-0.490558,0.301288,-0.190852,-1.410468,-0.495042
981,2783555172,0.688696,-0.446249,-0.487819,0.297655,-0.108215,-1.406697,-0.494406
982,2783588506,0.690470,-0.448099,-0.484679,0.295890,-0.042668,-1.340459,-0.350919
983,2783621840,0.691108,-0.450931,-0.481344,0.295544,-0.006714,-1.219423,-0.188737
984,2783655174,0.690814,-0.454275,-0.478111,0.296355,0.036181,-1.125034,-0.087665
985,2783688508,0.689639,-0.457699,-0.475378,0.298214,0.025464,-0.967899,-0.065601
986,2783721842,0.687701,-0.461099,-0.473189,0.300923,0.053858,-0.758856,-0.128554
987,2783755176,0.685139,-0.464783,-0.471141,0.304295,0.021775,-0.523595,-0.118431
988,2783788510,0.682108,-0.469044,-0.468731,0.308262,0.034796,-0.331262,-0.029781
989,2783821844,0.678784,-0.473757,-0.465818,0.312775,0.025920,-0.131646,0.119497
990,2783855178,0.674800,-0.478313,-0.463302,0.318150,0.238291,-0.293403,0.375015
991,2783888512,0.669369,-0.482554,-0.462406,0.324461,0.043452,0.227911,0.584046
992,2783921846,0.663437,-0.487922,-0.461179,0.330310,0.015384,0.858258,0.555489
993,2783955180,0.659077,-0.494555,-0.457535,0.334218,-0.115538,1.285592,0.395819
994,2783988514,0.656952,-0.501591,-0.451865,0.335629,-0.312588,1.531590,0.391540
995,2784021848,0.657103,-0.507820,-0.445124,0.334970,-0.341312,1.371659,0.562193
996,2784055182,0.658578,-0.511239,-0.439780,0.333931,-0.340769,1.099011,0.695333
997,2784088516,0.660406,-0.510400,-0.438139,0.333761,-0.263476,0.972567,0.708280
998,2784121850,0.662531,-0.505498,-0.440257,0.334222,0.008931,0.936137,0.540630
999,2784155184,0.665304,-0.498103,-0.444612,0.334053,0.140840,0.948169,0.345701
1000,2784188518,0.669189,-0.490242,-0.449122,0.331881,0.221895,0.791589,0.229405
1001,2784221852,0.673981,-0.482544,-0.453092,0.328050,0.350753,0.028103,0.410043
1002,2784255186,0.678377,-0.474390,-0.457785,0.324344,0.355479,-0.485635,0.464334
1003,2784288520,0.681794,-0.466713,-0.463015,0.320874,0.224952,-0.385152,0.181983
1004,2784321854,0.684649,-0.460393,-0.467641,0.317195,0.388762,-0.676675,-0.162520
1005,2784355188,0.686900,-0.455432,-0.471623,0.313573,0.289596,-0.789850,-0.219751
1006,2784388522,0.688895,-0.453461,-0.473324,0.309465,0.008132,-0.428212,-0.474169
1007,2784421856,0.691156,-0.454756,-0.471812,0.304797,-0.033586,-0.693488,-0.747407
1008,2784455190,0.692734,-0.457146,-0.469476,0.301224,-0.069725,-1.290051,-0.449674
1009,2784488524,0.692474,-0.460277,-0.467707,0.299804,-0.384979,-0.760805,-0.191671
1010,2784521858,0.691589,-0.464824,-0.464880,0.299227,-0.363858,-0.510462,-0.266952
1011,2784555192,0.691025,-0.468926,-0.461756,0.298968,-0.418516,-0.571194,-0.320351
1012,2784588526,0.690370,-0.471294,-0.460021,0.299429,-0.616783,-0.648214,-0.101145
1013,2784621860,0.689001,-0.471763,-0.460213,0.301542,-0.472904,-0.845215,-0.028139
1014,2784655194,0.686559,-0.470023,-0.462656,0.306057,-0.339133,-0.862420,0.078262
1015,2784688528,0.682948,-0.466986,-0.466655,0.312645,-0.186452,-0.741352,0.093241
1016,2784721862,0.678500,-0.463940,-0.470913,0.320384,0.035511,-0.551176,0.076422
1017,2784755196,0.673560,-0.461746,-0.474627,0.328395,0.065024,-0.297830,0.122190
1018,2784788530,0.668579,-0.461248,-0.476910,0.335881,-0.021073,0.057843,0.080982
1019,2784821864,0.664259,-0.462254,-0.477228,0.342550,-0.092909,0.139951,-0.022961
1020,2784855198,0.660385,-0.463288,-0.476938,0.348988,-0.240290,0.214862,-0.033565
1021,2784888532,0.656949,-0.463666,-0.476455,0.355569,-0.206753,0.449358,-0.030200
1022,2784921866,0.654296,-0.463444,-0.475409,0.362089,-0.004702,0.433649,0.151628
1023,2784955200,0.650936,-0.461809,-0.475698,0.369776,0.278572,0.008701,0.753282
1024,2784988534,0.645678,-0.459190,-0.478310,0.378776,0.140756,0.603348,0.671858
1025,2785021868,0.639747,-0.456493,-0.481980,0.387350,0.186718,1.047958,0.457614
1026,2785055202,0.635200,-0.453612,-0.485346,0.393959,0.109490,1.394219,0.230168
1027,2785088536,0.633177,-0.451925,-0.486894,0.397230,-0.041789,1.583958,0.233328
1028,2785121870,0.633579,-0.452265,-0.485999,0.397299,-0.060450,1.244655,0.358410
1029,2785155204,0.635110,-0.452959,-0.484497,0.395895,-0.059546,0.841723,0.437881
1030,2785188538,0.636816,-0.452359,-0.484031,0.394410,-0.041882,0.693418,0.425921
1031,2785221872,0.638689,-0.450633,-0.484463,0.392821,-0.056622,0.699719,0.375350
1032,2785255206,0.640970,-0.448461,-0.485236,0.390632,0.013654,0.617702,0.254878
1033,2785288540,0.643838,-0.446458,-0.485829,0.387460,-0.057282,0.524899,0.152259
1034,2785321874,0.647345,-0.444769,-0.485912,0.383434,-0.037324,0.312745,0.091835
1035,2785355208,0.651264,-0.443186,-0.485580,0.379025,-0.079479,0.117603,0.094076
1036,2785388542,0.655437,-0.441549,-0.484906,0.374579,-0.061809,-0.120757,0.098045
1037,2785421876,0.659582,-0.439313,-0.484485,0.370455,-0.323609,-0.387446,0.130568
1038,2785455210,0.663170,-0.435517,-0.485202,0.367583,-0.389387,-0.722993,0.066054
1039,2785488544,0.665528,-0.429441,-0.488087,0.366648,-0.379203,-0.733513,0.026976
1040,2785521878,0.666887,-0.422633,-0.492375,0.366356,-0.242753,-0.493488,0.064644
1041,2785555212,0.668583,-0.417725,-0.495401,0.364812,-0.224962,-0.495942,0.004610
1042,2785588546,0.670468,-0.415408,-0.496848,0.362018,-0.282603,-0.846148,-0.212903
1043,2785621880,0.671446,-0.414983,-0.497824,0.359343,-0.390409,-1.000988,-0.405068
1044,2785655214,0.671254,-0.416810,-0.497922,0.357448,-0.504276,-0.699748,-0.574085
1045,2785688548,0.670508,-0.421643,-0.495984,0.355870,-0.582720,-0.429926,-0.702312
1046,2785721882,0.669496,-0.429247,-0.492076,0.354104,-0.617327,-0.251142,-0.585620
1047,2785755216,0.668365,-0.439082,-0.486652,0.351671,-0.771524,-0.159443,-0.121243
1048,2785788550,0.667133,-0.449921,-0.480198,0.349173,-0.682099,-0.215460,0.278588
1049,2785821884,0.665831,-0.460262,-0.473730,0.347007,-0.749322,0.029927,0.468309
1050,2785855218,0.664685,-0.469398,-0.468145,0.344539,-0.721323,0.386023,0.441479
1051,2785888552,0.664431,-0.477135,-0.463388,0.340811,-0.654386,0.672081,0.525056
1052,2785921886,0.665604,-0.483639,-0.458947,0.335320,-0.554001,0.807225,0.519222
1053,2785955220,0.668108,-0.489574,-0.454315,0.327953,-0.407113,0.886706,0.471503
1054,2785988554,0.671887,-0.495942,-0.448655,0.318317,-0.272987,0.977153,0.475282
1055,2786021888,0.677121,-0.503173,-0.441094,0.306214,-0.064065,0.880158,0.409454
1056,2786055222,0.683660,-0.510828,-0.431745,0.292006,0.043040,0.668673,0.340101
1057,2786088556,0.690811,-0.518263,-0.421558,0.276549,0.051544,0.403559,0.182374
1058,2786121890,0.697723,-0.524932,-0.411769,0.260926,0.115843,0.151754,0.155024
1059,2786155224,0.703990,-0.530784,-0.402717,0.245952,0.148745,0.048496,0.118600
1060,2786188558,0.709577,-0.535840,-0.394450,0.231931,0.216825,-0.131109,-0.058193
1061,2786221892,0.714104,-0.539839,-0.387929,0.219426,0.314512,-0.306426,-0.252355
1062,2786255226,0.717317,-0.543651,-0.382819,0.208224,0.504067,-0.144848,-0.326262
1063,2786288560,0.719807,-0.549079,-0.376335,0.196899,0.692203,0.095798,-0.087936
1064,2786321894,0.721955,-0.556553,-0.367227,0.184880,0.747062,0.011071,0.201727
1065,2786355228,0.723504,-0.564365,-0.358069,0.172708,0.798652,-0.048880,0.364862
1066,2786388562,0.725086,-0.571285,-0.349773,0.159838,0.820216,0.104231,0.515911
1067,2786421896,0.727313,-0.577131,-0.341285,0.146515,0.733243,0.041334,0.470672
1068,2786455230,0.729939,-0.582150,-0.332361,0.133541,0.530255,-0.077858,0.206820
1069,2786488564,0.732151,-0.586117,-0.324792,0.122227,0.365086,-0.247723,0.057800
1070,2786521898,0.733775,-0.589003,-0.319137,0.113172,0.278925,-0.093203,0.149761
1071,2786555232,0.735340,-0.590760,-0.314699,0.106062,0.276537,-0.186538,0.178695
1072,2786588566,0.736860,-0.591260,-0.311926,0.100792,0.228703,-0.256283,0.265881
1073,2786621900,0.738146,-0.590982,-0.310671,0.096801,0.294445,-0.340223,0.293200
1074,2786655234,0.739225,-0.590196,-0.310601,0.093534,0.170400,-0.395123,0.324470
1075,2786688568,0.740172,-0.588927,-0.311519,0.090953,0.016720,-0.520161,0.322978